Location,Area_sqft,BHK,Bathrooms,Floor,Total_Floors,Age_of_Property,Parking,Lift,Actual_Price,Price_per_sqft
Airoli,1004.67,2.0,1.0,2.0,5.0,15.4,1,0,13067904.0,13007.160560183942
Ulwe,780.03,3.0,3.0,26.0,38.0,7.2,0,0,15339739.0,19665.575682986553
Ulwe,1287.54,2.0,3.0,16.0,35.0,10.4,1,0,19454778.0,15110.037746400112
Panvel,841.04,4.0,3.0,14.0,34.0,15.4,1,1,14367262.0,17082.733282602494
Kharghar,814.31,4.0,4.0,7.0,34.0,1.9,0,0,15050510.0,18482.53122275301
Ulwe,708.41,3.0,3.0,9.0,16.0,8.5,1,0,11466200.0,16185.824593102865
Kharghar,1008.33,2.0,2.0,22.0,34.0,11.5,0,0,16340732.0,16205.73820078744
Airoli,413.57,3.0,3.0,34.0,35.0,12.5,1,1,7439508.0,17988.50980486979
Ghansoli,950.21,4.0,2.0,8.0,22.0,11.6,1,0,14703069.0,15473.494280211742
Nerul,786.08,2.0,2.0,34.0,20.0,12.7,0,0,12290414.0,15635.067677590067
Ulwe,1272.85,2.0,2.0,0.0,36.0,2.2,0,1,20996596.0,16495.734768433045
Belapur,1302.96,2.0,3.0,24.0,18.0,14.2,0,0,20181316.0,15488.822373672254
Cbd Belapur,698.38,1.0,3.0,28.0,9.0,7.3,0,1,9440668.0,13517.952976889374
Ulwe,535.1,2.0,1.0,26.0,23.0,6.9,0,1,6880420.0,12858.194729957017
Panvel,717.33,2.0,2.0,0.0,27.0,1.9,1,0,8417872.0,11735.006203560424
Nerul,942.66,1.0,2.0,15.0,34.0,4.1,0,0,12074384.0,12808.843061124902
Ghansoli,628.02,2.0,2.0,34.0,17.0,10.4,0,0,6142680.0,9781.026081971911
Kharghar,1188.83,2.0,3.0,20.0,37.0,1.2,1,1,16944488.0,14253.079077748711
Nerul,699.6,2.0,3.0,1.0,12.0,5.7,1,1,7884780.0,11270.41166380789
Nerul,163.78,1.0,2.0,3.0,20.0,20.0,1,0,2613405.0,15956.80180730248
Airoli,351.54,3.0,2.0,25.0,8.0,2.5,0,0,6316538.0,17968.191386470957
Vashi,1100.6,2.0,2.0,11.0,9.0,6.4,1,0,16630868.0,15110.728693439944
Vashi,1525.78,2.0,3.0,28.0,13.0,5.2,0,1,24426717.0,16009.330965145697
Airoli,160.79,1.0,4.0,0.0,9.0,13.8,1,1,3019558.0,18779.51365134648
Nerul,1294.73,2.0,3.0,21.0,20.0,0.5,0,0,18505432.0,14292.888864859855
Cbd Belapur,662.61,2.0,4.0,9.0,34.0,4.5,1,0,8503987.0,12834.075851556723
Belapur,1272.24,3.0,3.0,22.0,21.0,8.5,0,1,14325813.0,11260.307017543859
Nerul,834.01,2.0,3.0,21.0,13.0,3.0,1,0,10743096.0,12881.255620436206
Kharghar,1279.64,2.0,3.0,17.0,26.0,7.0,0,0,22829962.0,17840.925572817352
Belapur,1609.79,2.0,1.0,3.0,24.0,14.4,1,0,24456626.0,15192.432553314407
Panvel,1263.62,3.0,3.0,27.0,20.0,10.2,0,0,22376808.0,17708.494642376667
Kharghar,4598.47,2.0,3.0,28.0,20.0,12.0,0,0,73192702.0,15916.751006312968
Panvel,763.3,2.0,3.0,21.0,12.0,0.9,1,1,8187523.0,10726.481069042316
Kharghar,3962.94,3.0,1.0,2.0,9.0,9.1,0,0,49391176.0,12463.266160981493
Airoli,586.13,1.0,1.0,0.0,13.0,5.3,1,0,6497022.0,11084.609216385443
Belapur,1184.84,4.0,2.0,20.0,5.0,1.2,1,0,12513789.0,10561.585530535769
Nerul,252.27,4.0,2.0,11.0,26.0,11.5,1,1,4327021.0,17152.340746026082
Kharghar,999.63,3.0,1.0,6.0,5.0,0.4,1,0,17433573.0,17440.025809549534
Ghansoli,4550.06,2.0,2.0,4.0,10.0,1.6,0,0,64376894.0,14148.581337388956
Panvel,2980.99,3.0,1.0,23.0,17.0,4.9,0,1,45066556.0,15117.982951972332
Airoli,1512.55,2.0,3.0,12.0,31.0,0.6,1,1,14852173.0,9819.293907639418
Belapur,996.47,3.0,3.0,3.0,32.0,2.9,0,1,18763967.0,18830.43844772045
Ulwe,1323.2,3.0,1.0,11.0,35.0,10.5,0,0,25983033.0,19636.512243047157
Ulwe,390.37,4.0,1.0,17.0,28.0,1.1,0,0,8338332.0,21360.073776161076
Kharghar,1350.42,2.0,2.0,10.0,24.0,8.2,0,1,17945384.0,13288.742761511232
Kharghar,1497.88,2.0,4.0,6.0,11.0,1.1,0,0,23965990.0,15999.939915079978
Cbd Belapur,298.11,4.0,4.0,27.0,10.0,11.3,1,1,5878853.0,19720.415282949245
Nerul,848.34,2.0,4.0,12.0,3.0,2.2,0,1,11679458.0,13767.425796260932
Kharghar,1578.86,4.0,3.0,15.0,9.0,14.1,1,1,17439165.0,11045.415679667609
Nerul,776.98,2.0,3.0,20.0,10.0,10.4,0,1,11433883.0,14715.80092151664
Ulwe,984.78,2.0,1.0,18.0,24.0,4.8,0,0,17679624.0,17952.86663011028
Airoli,771.34,2.0,4.0,23.0,11.0,11.7,1,1,10398279.0,13480.798350921772
Kharghar,1019.52,4.0,3.0,6.0,20.0,20.0,1,1,12568863.0,12328.216219397364
Belapur,986.44,1.0,1.0,7.0,33.0,18.8,1,1,15592878.0,15807.223956854952
Airoli,1331.6,2.0,1.0,8.0,10.0,11.9,0,0,22074309.0,16577.282216881948
Kharghar,1265.32,2.0,3.0,22.0,36.0,13.5,1,1,16971841.0,13413.082066196694
Nerul,1303.62,2.0,2.0,32.0,31.0,12.4,0,0,11847944.0,9088.495113606727
Ghansoli,963.61,2.0,3.0,7.0,19.0,8.7,1,1,18957250.0,19673.1561523853
Panvel,992.12,4.0,2.0,14.0,10.0,1.5,0,1,18766413.0,18915.466879006573
Kharghar,1121.13,4.0,3.0,11.0,32.0,2.2,1,1,20748714.0,18506.9652939445
Vashi,300.9,4.0,3.0,16.0,1.0,2.3,1,0,5321582.0,17685.550016616817
Nerul,1141.1,2.0,2.0,2.0,20.0,6.4,1,0,12712839.0,11140.863202173343
Panvel,1198.5,3.0,3.0,13.0,5.0,13.8,0,0,17071372.0,14243.94826866917
Panvel,1278.37,2.0,2.0,10.0,33.0,2.5,1,1,23439976.0,18335.830784514656
Nerul,1561.72,4.0,4.0,11.0,37.0,8.8,1,0,32087001.0,20545.93717183618
Kharghar,969.73,2.0,3.0,26.0,20.0,9.3,0,1,15041612.0,15511.134026997204
Cbd Belapur,132.43,2.0,4.0,31.0,12.0,7.4,0,0,1499590.0,11323.64267915125
Vashi,1521.97,2.0,2.0,5.0,7.0,14.0,0,0,28247653.0,18559.927593842192
Panvel,371.76,1.0,3.0,15.0,11.0,2.9,1,0,6564565.0,17658.07241230902
Panvel,422.34,2.0,1.0,21.0,9.0,12.8,1,1,5099958.0,12075.47947151584
Cbd Belapur,1029.52,1.0,1.0,15.0,8.0,17.8,0,1,13348534.0,12965.784054705106
Kharghar,935.84,1.0,3.0,2.0,15.0,3.9,0,0,9728892.0,10395.892460249615
Vashi,927.92,2.0,3.0,31.0,30.0,10.9,0,1,12446158.0,13412.964479696526
Vashi,1034.0,2.0,4.0,22.0,23.0,11.7,0,0,14308839.0,13838.335589941973
Nerul,1269.84,3.0,1.0,15.0,29.0,7.0,0,1,19313506.0,15209.401184401186
Airoli,605.85,4.0,4.0,16.0,22.0,5.5,0,0,8969143.0,14804.230420070975
Kharghar,1145.11,2.0,2.0,10.0,30.0,3.6,1,0,13055627.0,11401.199011448683
Panvel,1495.55,2.0,1.0,23.0,38.0,23.2,0,0,16715321.0,11176.70489117716
Ghansoli,876.03,2.0,3.0,13.0,20.0,11.9,1,0,11642808.0,13290.421560905448
Ghansoli,901.77,4.0,3.0,8.0,9.0,0.0,1,0,13377975.0,14835.24069330317
Vashi,420.03,2.0,3.0,32.0,34.0,12.9,1,0,4062210.0,9671.237768730805
Kharghar,1070.93,3.0,4.0,16.0,27.0,16.3,0,0,16934270.0,15812.676832285955
Belapur,981.97,3.0,3.0,14.0,35.0,9.9,0,0,20769747.0,21151.10135747528
Ulwe,645.44,3.0,3.0,30.0,20.0,9.2,0,1,8526136.0,13209.804164600891
Nerul,758.38,1.0,1.0,31.0,39.0,2.6,0,0,7336427.0,9673.813919143437
Nerul,680.03,4.0,3.0,19.0,26.0,5.6,0,0,9942367.0,14620.482919871183
Belapur,1051.04,4.0,2.0,21.0,4.0,11.9,1,0,17975725.0,17102.798180849444
Nerul,862.36,3.0,1.0,32.0,12.0,13.0,1,0,15910504.0,18449.955934876387
Ulwe,1101.89,3.0,2.0,29.0,8.0,6.0,1,0,11780143.0,10690.852081423734
Belapur,663.9,3.0,2.0,4.0,29.0,3.8,1,0,7989708.0,12034.505196565748
Vashi,1472.19,2.0,3.0,5.0,16.0,8.1,1,0,17370680.0,11799.21069970588
Panvel,669.79,1.0,3.0,23.0,9.0,12.6,1,0,12441454.0,18575.156392302066
Vashi,582.72,2.0,3.0,5.0,36.0,11.8,0,0,5830986.0,10006.497116968698
Vashi,674.74,1.0,4.0,27.0,22.0,22.8,0,1,7988039.0,11838.691940599341
Ghansoli,1769.92,2.0,3.0,30.0,8.0,8.0,0,0,22107136.0,12490.471885734947
Cbd Belapur,810.79,1.0,1.0,18.0,25.0,9.2,0,0,11977609.0,14772.763600932425
Kharghar,1688.68,3.0,4.0,28.0,25.0,11.5,0,1,31235529.0,18497.008906364736
Kharghar,759.57,2.0,4.0,0.0,6.0,5.1,0,1,9104075.0,11985.827507668811
Nerul,676.63,2.0,4.0,6.0,9.0,4.9,1,0,8668626.0,12811.471557572086
Cbd Belapur,3189.87,4.0,1.0,16.0,22.0,1.3,1,0,53834313.0,16876.647951170424
Vashi,3385.31,4.0,3.0,20.0,2.0,1.3,1,1,43659115.0,12896.637235585515
Nerul,1115.91,4.0,2.0,21.0,9.0,17.6,0,0,13505784.0,12102.933032233781
Belapur,629.26,2.0,3.0,6.0,15.0,8.4,1,0,9028884.0,14348.41559927534
Kharghar,5401.59,4.0,2.0,15.0,3.0,9.2,1,0,69093705.0,12791.364209427224
Kharghar,1423.03,2.0,3.0,2.0,9.0,7.4,0,1,20537792.0,14432.437826328327
Ghansoli,87.95,2.0,1.0,7.0,34.0,9.4,1,0,718677.0,8171.42694712905
Vashi,569.3,3.0,4.0,24.0,20.0,18.9,1,0,10100267.0,17741.554540663976
Ulwe,941.26,1.0,3.0,8.0,27.0,12.2,0,0,13301014.0,14131.073242249751
Panvel,1322.97,2.0,4.0,17.0,17.0,5.5,0,1,18095015.0,13677.57016410047
Cbd Belapur,121.53,2.0,1.0,9.0,12.0,14.0,1,0,1647793.0,13558.734468855426
Panvel,1006.35,3.0,2.0,0.0,1.0,2.6,1,1,14043708.0,13955.09315844388
Airoli,1078.31,3.0,4.0,24.0,20.0,9.2,1,1,17259664.0,16006.217136074043
Belapur,1327.99,1.0,3.0,25.0,37.0,6.6,0,1,25026215.0,18845.18332216357
Kharghar,607.92,4.0,3.0,4.0,18.0,24.9,0,1,8323583.0,13691.90518489275
Nerul,432.13,2.0,2.0,22.0,20.0,15.0,1,0,6119348.0,14160.896026658644
Panvel,653.77,4.0,1.0,1.0,6.0,7.0,0,0,9758083.0,14925.86536549551
Kharghar,583.12,2.0,3.0,31.0,38.0,2.6,1,0,11281278.0,19346.4089724242
Vashi,6492.59,2.0,3.0,5.0,20.0,0.1,0,1,98026838.0,15098.264020983921
Ghansoli,1327.02,2.0,4.0,6.0,8.0,27.5,0,0,16109291.0,12139.448538831366
Cbd Belapur,1095.64,3.0,2.0,4.0,20.0,5.1,1,1,14130868.0,12897.364097696322
Kharghar,692.89,3.0,2.0,5.0,21.0,5.2,0,1,11982409.0,17293.37845834115
Nerul,225.18,1.0,4.0,22.0,20.0,11.8,1,0,3831463.0,17015.112354560795
Ghansoli,728.52,2.0,3.0,0.0,28.0,3.7,0,1,12311783.0,16899.718607587987
Cbd Belapur,1333.01,2.0,2.0,13.0,10.0,2.8,1,0,13981002.0,10488.294911516043
Panvel,981.56,1.0,1.0,13.0,32.0,8.1,1,0,15553894.0,15846.096010432373
Kharghar,1656.42,2.0,1.0,23.0,20.0,24.7,1,0,25899575.0,15635.874355537846
Belapur,514.16,1.0,4.0,7.0,16.0,17.8,0,0,8174391.0,15898.535475338416
Ghansoli,818.65,1.0,1.0,11.0,19.0,10.2,0,1,13502561.0,16493.692053991326
Nerul,1337.13,2.0,4.0,5.0,16.0,14.0,0,0,24286215.0,18162.942271880816
Kharghar,782.89,2.0,4.0,23.0,24.0,1.4,1,1,9670521.0,12352.336854475087
Ghansoli,993.42,3.0,2.0,26.0,33.0,7.8,1,0,13211469.0,13298.97626381591
Panvel,940.11,3.0,2.0,0.0,6.0,7.2,0,0,11369920.0,12094.244290561743
Vashi,713.48,1.0,4.0,29.0,35.0,3.0,0,1,6959537.0,9754.354712115266
Panvel,634.3,2.0,3.0,16.0,31.0,12.5,0,0,5743876.0,9055.456408639446
Cbd Belapur,620.72,2.0,2.0,22.0,20.0,12.4,1,0,10886985.0,17539.285023843277
Airoli,1056.06,4.0,3.0,0.0,33.0,11.9,0,0,20958670.0,19846.097759596993
Vashi,1008.83,4.0,1.0,15.0,7.0,11.3,0,1,20782802.0,20600.89608754696
Kharghar,659.46,1.0,4.0,21.0,20.0,5.9,1,0,9031445.0,13695.212749825614
Nerul,1390.53,2.0,3.0,29.0,32.0,1.1,0,1,27826920.0,20011.736532113653
Vashi,1451.92,2.0,2.0,16.0,4.0,6.6,0,1,18602675.0,12812.465562840927
Cbd Belapur,1624.86,2.0,1.0,20.0,28.0,13.3,1,1,25727334.0,15833.569661386213
Nerul,418.76,3.0,3.0,27.0,27.0,11.1,1,0,6814215.0,16272.363645047282
Nerul,1034.56,4.0,3.0,23.0,31.0,14.4,1,0,18183359.0,17575.934696875967
Cbd Belapur,1192.74,1.0,2.0,28.0,38.0,20.3,0,1,12513493.0,10491.383704747053
Vashi,707.4,2.0,2.0,1.0,18.0,10.7,0,0,6913616.0,9773.276788238622
Belapur,346.79,3.0,1.0,23.0,8.0,14.0,1,0,5699938.0,16436.281322990857
Airoli,1151.1,4.0,4.0,23.0,25.0,7.0,0,1,25019755.0,21735.518199982627
Panvel,1286.92,2.0,2.0,29.0,18.0,8.1,0,1,21853968.0,16981.605694215647
Ghansoli,1832.21,2.0,3.0,5.0,28.0,15.2,1,0,29608780.0,16160.145398180339
Nerul,910.66,1.0,3.0,24.0,23.0,2.1,0,1,14964643.0,16432.744383194608
Belapur,134.16,2.0,2.0,25.0,32.0,0.2,0,0,1440385.0,10736.322301729278
Nerul,464.18,2.0,3.0,2.0,14.0,4.8,1,0,4110811.0,8856.070920763497
Cbd Belapur,877.45,4.0,1.0,11.0,29.0,5.0,0,1,14499917.0,16525.063536383837
Panvel,1027.06,2.0,4.0,25.0,37.0,10.2,0,1,13709853.0,13348.638833174304
Airoli,495.81,2.0,4.0,9.0,20.0,10.9,0,1,7098612.0,14317.202154050947
Panvel,1489.65,2.0,1.0,26.0,3.0,14.3,1,0,14840349.0,9962.305910784411
Ulwe,912.22,2.0,2.0,33.0,35.0,10.5,1,0,14843842.0,16272.217228300191
Nerul,771.11,2.0,4.0,9.0,4.0,2.4,1,0,8320345.0,10790.08831424829
Ulwe,569.23,3.0,3.0,28.0,30.0,10.6,1,0,9534200.0,16749.29290444987
Nerul,907.56,2.0,2.0,2.0,15.0,15.4,0,1,16181090.0,17829.22341222619
Kharghar,1127.4,4.0,3.0,16.0,1.0,1.1,0,1,15112517.0,13404.751640943763
Kharghar,1298.3,2.0,3.0,19.0,11.0,13.7,0,0,14601909.0,11246.945236077949
Ghansoli,525.0,2.0,2.0,30.0,20.0,7.3,0,0,7200525.0,13715.285714285714
Airoli,863.76,2.0,1.0,22.0,15.0,5.8,1,0,14972812.0,17334.458645920164
Kharghar,362.99,2.0,3.0,8.0,28.0,9.0,0,0,6059624.0,16693.638943221576
Vashi,994.72,2.0,3.0,26.0,1.0,14.0,1,0,9330374.0,9379.899871320573
Kharghar,545.91,4.0,3.0,16.0,25.0,5.0,1,0,11796518.0,21608.906229964647
Panvel,563.25,3.0,3.0,32.0,13.0,15.1,0,1,8743140.0,15522.663115845538
Nerul,444.99,2.0,4.0,12.0,19.0,1.9,1,0,4513383.0,10142.661632845682
Panvel,2919.05,2.0,4.0,27.0,18.0,8.8,1,1,47420366.0,16245.136602661823
Ghansoli,395.58,2.0,3.0,10.0,30.0,9.1,0,0,6691435.0,16915.503817179837
Ghansoli,522.09,4.0,1.0,13.0,13.0,1.2,1,1,8747720.0,16755.195464383534
Panvel,648.63,1.0,3.0,34.0,27.0,10.8,0,0,8930428.0,13768.139000662935
Airoli,356.38,1.0,2.0,24.0,7.0,6.7,1,0,3535044.0,9919.310847971266
Vashi,1179.38,2.0,3.0,21.0,21.0,17.0,0,1,15710049.0,13320.599806678083
Panvel,1215.46,2.0,4.0,10.0,25.0,14.4,0,0,18271593.0,15032.656771921742
Kharghar,365.2,2.0,2.0,7.0,5.0,16.0,0,0,3919455.0,10732.352135815992
Airoli,699.02,1.0,1.0,20.0,36.0,8.4,0,1,6678698.0,9554.373265428743
Cbd Belapur,643.98,1.0,3.0,11.0,26.0,15.0,0,0,11161969.0,17332.788285350478
Cbd Belapur,1153.39,1.0,3.0,4.0,30.0,6.9,0,0,21207751.0,18387.31998716826
Ulwe,1453.69,4.0,2.0,28.0,8.0,14.9,0,0,30652856.0,21086.239844808726
Nerul,416.16,2.0,1.0,23.0,37.0,5.7,0,0,7743841.0,18607.845540176855
Airoli,853.88,2.0,3.0,20.0,26.0,3.5,0,0,8416452.0,9856.715229306226
Panvel,517.43,4.0,1.0,30.0,33.0,10.0,0,0,6272748.0,12122.89198538933
Airoli,1195.38,2.0,4.0,1.0,12.0,7.8,0,0,13202559.0,11044.654419515133
Panvel,588.37,3.0,2.0,33.0,20.0,1.3,0,1,10102471.0,17170.268708465763
Ghansoli,195.74,1.0,3.0,28.0,24.0,11.1,1,1,2339495.0,11952.053744763462
Nerul,205.22,4.0,4.0,12.0,37.0,8.7,1,1,3040370.0,14815.173959653055
Ulwe,1348.17,1.0,3.0,16.0,39.0,11.5,0,0,14350479.0,10644.413538351988
Airoli,1711.02,3.0,2.0,19.0,17.0,25.2,1,1,25967260.0,15176.479526831949
Kharghar,1047.25,2.0,4.0,19.0,18.0,7.6,1,1,20422314.0,19500.89663404154
Kharghar,4551.65,3.0,2.0,12.0,22.0,19.1,0,0,65305014.0,14347.547372930696
Ghansoli,1163.82,2.0,2.0,6.0,19.0,12.0,1,1,19405632.0,16674.083621178535
Airoli,725.08,2.0,3.0,2.0,30.0,1.9,0,1,8589356.0,11846.080432503999
Kharghar,95.68,2.0,3.0,5.0,39.0,12.6,0,0,899463.0,9400.742056856187
Kharghar,709.8,2.0,2.0,25.0,11.0,8.3,0,0,7186796.0,10125.100028176952
Panvel,1468.35,2.0,4.0,27.0,39.0,3.7,1,1,19925517.0,13570.005107774034
Panvel,614.31,3.0,3.0,11.0,33.0,6.1,1,1,11091795.0,18055.696635249307
Ulwe,812.85,2.0,1.0,16.0,27.0,9.7,0,1,9122759.0,11223.176477824936
Airoli,896.95,3.0,3.0,19.0,38.0,2.2,0,0,13627499.0,15193.153464518646
Ulwe,668.66,2.0,3.0,23.0,37.0,4.8,0,1,10743122.0,16066.643735231659
Nerul,1146.81,2.0,4.0,31.0,20.0,20.4,0,0,19146063.0,16695.06108248097
Panvel,1000.57,2.0,1.0,31.0,17.0,0.9,0,1,15970575.0,15961.476958133862
Kharghar,1166.58,2.0,3.0,9.0,16.0,1.5,0,1,15343160.0,13152.257024807557
Ghansoli,1055.71,1.0,1.0,19.0,9.0,3.4,1,0,14456867.0,13693.975618304268
Ghansoli,1344.18,2.0,3.0,2.0,38.0,13.2,0,1,25683849.0,19107.447663259383
Panvel,870.99,3.0,1.0,24.0,20.0,3.4,1,0,16246411.0,18652.81002078095
Vashi,1126.19,4.0,3.0,18.0,33.0,16.4,0,0,18817602.0,16709.082836821493
Ulwe,240.79,2.0,2.0,24.0,25.0,15.6,0,1,3384933.0,14057.614518875369
Kharghar,1378.15,2.0,4.0,24.0,21.0,15.6,0,0,12879613.0,9345.581395348836
Panvel,88.64,3.0,3.0,21.0,36.0,4.2,0,0,464432.0,5239.5306859205775
Airoli,1236.53,1.0,3.0,28.0,30.0,28.4,1,1,17618234.0,14248.124994945534
Belapur,755.73,4.0,3.0,24.0,5.0,2.0,0,0,12860414.0,17017.207203630926
Kharghar,690.86,1.0,4.0,6.0,8.0,7.7,0,0,7589874.0,10986.124540427872
Belapur,833.25,2.0,4.0,18.0,11.0,2.3,1,0,14466756.0,17361.843384338434
Ulwe,815.25,2.0,3.0,16.0,8.0,17.1,0,0,11951338.0,14659.721557804354
Panvel,208.79,1.0,2.0,28.0,8.0,7.3,0,1,2135846.0,10229.637434743043
Ulwe,1236.68,3.0,3.0,17.0,30.0,0.5,1,0,24394507.0,19725.803764918976
Ulwe,304.58,2.0,1.0,23.0,1.0,16.8,0,1,5600535.0,18387.73064547902
Ulwe,1369.82,1.0,1.0,5.0,23.0,4.8,0,1,14039147.0,10248.89912543254
Panvel,1199.56,2.0,3.0,30.0,25.0,1.9,1,0,12810285.0,10679.153189502818
Panvel,753.68,3.0,2.0,0.0,26.0,3.5,0,0,12539597.0,16637.8263984715
Belapur,553.39,2.0,1.0,2.0,25.0,8.6,0,0,8964340.0,16198.95552865068
Kharghar,5637.48,4.0,3.0,8.0,21.0,5.2,0,1,103974316.0,18443.403080809156
Belapur,950.48,4.0,1.0,32.0,25.0,3.1,0,1,18331469.0,19286.538380607693
Ghansoli,1015.28,2.0,4.0,9.0,9.0,3.7,1,1,10229745.0,10075.786975021669
Kharghar,1530.03,3.0,3.0,5.0,6.0,0.4,0,1,27323029.0,17857.838735188197
Nerul,771.29,4.0,4.0,30.0,19.0,15.2,1,0,13998842.0,18149.90729816282
Belapur,1096.31,2.0,3.0,1.0,3.0,15.0,0,0,14733383.0,13439.066504911932
Ulwe,632.73,3.0,2.0,12.0,16.0,13.2,0,0,8043762.0,12712.787444881702
Ulwe,128.85,1.0,3.0,31.0,39.0,0.9,0,1,3008400.0,23348.079161816066
Nerul,1109.38,2.0,4.0,21.0,29.0,9.5,1,0,12436033.0,11209.894715967475
Kharghar,1172.73,2.0,2.0,19.0,29.0,6.7,1,1,13695396.0,11678.217492517459
Ghansoli,709.32,2.0,3.0,14.0,21.0,19.1,1,0,6896106.0,9722.136694298764
Nerul,1328.37,2.0,1.0,2.0,18.0,13.7,0,0,14758426.0,11110.17713438274
Ulwe,621.93,2.0,3.0,31.0,10.0,0.5,0,0,11615881.0,18677.151769491746
Vashi,1427.58,1.0,2.0,6.0,19.0,6.0,1,0,24082437.0,16869.413272811333
Panvel,855.39,2.0,1.0,3.0,20.0,0.1,0,0,9859374.0,11526.17402588293
Nerul,1187.01,2.0,3.0,11.0,29.0,7.3,1,0,12893194.0,10861.908492767541
Belapur,1073.25,1.0,3.0,1.0,16.0,12.4,0,1,13202992.0,12301.879338457955
Kharghar,1262.43,4.0,3.0,16.0,5.0,8.1,0,1,25554649.0,20242.428491084655
Panvel,1336.37,2.0,2.0,21.0,6.0,8.5,0,0,21282349.0,15925.491443238026
Kharghar,7398.97,3.0,3.0,24.0,29.0,2.3,1,1,104748766.0,14157.20917911547
Nerul,969.72,2.0,2.0,27.0,11.0,12.6,1,1,10803564.0,11140.910778369014
Nerul,353.23,3.0,3.0,27.0,25.0,11.0,1,0,6000048.0,16986.235597202955
Airoli,1222.94,1.0,3.0,16.0,37.0,13.7,0,0,14337806.0,11724.046968780152
Ghansoli,1862.76,2.0,3.0,33.0,27.0,5.1,1,0,24876160.0,13354.463269557002
Ghansoli,806.15,3.0,3.0,6.0,32.0,9.8,1,0,12605937.0,15637.210196613534
Kharghar,97.77,2.0,4.0,20.0,29.0,12.6,0,0,1436310.0,14690.702669530532
Vashi,1090.25,2.0,4.0,0.0,5.0,10.9,1,1,16942680.0,15540.178858060079
Ghansoli,1307.96,1.0,2.0,5.0,6.0,1.8,0,0,17684818.0,13520.916541790268
Ghansoli,1380.14,4.0,2.0,18.0,13.0,9.3,0,0,17512565.0,12688.977205211064
Cbd Belapur,425.33,1.0,2.0,22.0,25.0,13.2,0,0,5262624.0,12373.037406249266
Airoli,254.37,4.0,1.0,14.0,28.0,14.7,0,1,2853090.0,11216.299091874042
Cbd Belapur,1037.41,3.0,1.0,0.0,10.0,14.1,0,1,15496561.0,14937.740141313463
Nerul,1692.99,1.0,4.0,31.0,22.0,2.6,1,0,30049593.0,17749.42143781121
Vashi,742.09,2.0,1.0,1.0,6.0,0.5,1,0,8202895.0,11053.77380102144
Panvel,506.76,4.0,3.0,12.0,19.0,13.9,1,0,7927125.0,15642.759886336728
Cbd Belapur,895.28,2.0,3.0,10.0,17.0,4.2,0,1,11460526.0,12801.052184791351
Cbd Belapur,854.93,2.0,4.0,32.0,8.0,8.5,0,1,16001089.0,18716.25630168552
Belapur,1277.11,2.0,1.0,14.0,37.0,16.3,0,1,13782452.0,10791.906726906846
Panvel,1509.74,1.0,3.0,9.0,25.0,13.5,0,0,15623695.0,10348.599758898883
Airoli,4128.55,1.0,2.0,26.0,34.0,4.2,1,1,67081184.0,16248.121979871867
Belapur,1380.4,4.0,3.0,23.0,20.0,8.1,1,0,22066760.0,15985.772239930453
Ghansoli,886.59,2.0,3.0,27.0,11.0,7.8,1,1,9627599.0,10859.133308519158
Belapur,1155.45,2.0,4.0,1.0,20.0,8.2,0,1,19565076.0,16932.862521095678
Ulwe,1180.62,4.0,3.0,14.0,20.0,9.9,1,0,18788851.0,15914.393284884214
Nerul,736.3,1.0,2.0,32.0,11.0,8.9,1,0,14316510.0,19443.85440717099
Vashi,331.71,2.0,2.0,34.0,19.0,17.5,0,1,4361539.0,13148.650930029244
Nerul,1067.58,2.0,3.0,0.0,1.0,9.0,0,1,11800812.0,11053.79643680099
Panvel,1212.54,2.0,4.0,14.0,24.0,13.0,0,0,20587671.0,16978.962343510317
Nerul,2021.24,3.0,3.0,16.0,17.0,5.1,0,0,21914819.0,10842.264649423127
Airoli,91.26,3.0,3.0,12.0,37.0,9.4,0,0,2370289.0,25972.923515231207
Panvel,707.32,3.0,2.0,4.0,2.0,9.3,0,0,9922089.0,14027.722954249843
Airoli,960.15,2.0,4.0,23.0,16.0,3.7,0,0,16215457.0,16888.46221944488
Ulwe,1266.15,2.0,2.0,14.0,22.0,15.8,0,0,12742206.0,10063.741262883545
Ulwe,813.8,3.0,1.0,26.0,17.0,7.9,0,0,12642992.0,15535.748341115754
Kharghar,2125.1,2.0,2.0,0.0,11.0,2.8,0,1,19900877.0,9364.677897510706
Kharghar,1104.19,2.0,1.0,29.0,12.0,10.5,0,1,11004956.0,9966.54199005606
Kharghar,919.0,2.0,1.0,9.0,19.0,7.6,0,1,8510853.0,9260.993471164309
Panvel,997.84,2.0,4.0,16.0,38.0,12.9,0,0,15206168.0,15239.08442235228
Kharghar,282.09,2.0,2.0,23.0,33.0,18.6,0,1,4543744.0,16107.426707788296
Cbd Belapur,1100.88,3.0,3.0,0.0,14.0,17.4,0,1,19146857.0,17392.319780539205
Belapur,350.05,2.0,3.0,32.0,25.0,8.0,1,0,4273359.0,12207.853163833737
Ulwe,1005.23,1.0,1.0,26.0,4.0,3.3,0,1,11955031.0,11892.831491300498
Airoli,1053.95,1.0,3.0,13.0,16.0,12.7,1,1,13986244.0,13270.310735803405
Kharghar,1343.62,2.0,1.0,20.0,16.0,18.4,1,1,20996050.0,15626.479212872688
Belapur,1134.02,2.0,2.0,22.0,13.0,17.2,0,1,12172580.0,10734.008218549938
Kharghar,1546.29,2.0,3.0,11.0,36.0,8.9,0,1,27437551.0,17744.117209579057
Ulwe,913.53,2.0,1.0,13.0,14.0,5.4,0,1,14531832.0,15907.339660438081
Ulwe,1235.64,2.0,2.0,3.0,7.0,7.1,0,0,12153214.0,9835.562137839499
Panvel,789.17,2.0,2.0,7.0,33.0,7.5,0,0,13839792.0,17537.149156708947
Vashi,282.05,2.0,1.0,8.0,16.0,9.8,1,1,3701975.0,13125.243751107959
Panvel,977.14,2.0,1.0,24.0,25.0,13.1,0,1,10674665.0,10924.396708762306
Nerul,1708.72,1.0,4.0,16.0,13.0,6.5,1,1,20429700.0,11956.142609672737
Kharghar,862.45,2.0,4.0,18.0,10.0,12.6,1,1,11795952.0,13677.25897153458
Nerul,4145.06,2.0,2.0,16.0,7.0,5.7,0,0,56395024.0,13605.357702904179
Kharghar,1297.84,2.0,2.0,28.0,3.0,16.1,0,1,18970194.0,14616.743204092956
Ulwe,2990.07,3.0,4.0,16.0,36.0,11.1,1,0,55030925.0,18404.560762791505
Cbd Belapur,805.89,1.0,2.0,10.0,2.0,11.7,0,0,8253669.0,10241.681867252355
Panvel,954.46,4.0,3.0,1.0,31.0,12.3,0,0,14746774.0,15450.38451061333
Nerul,687.43,2.0,4.0,27.0,27.0,6.9,1,1,9013010.0,13111.167682527677
Belapur,431.31,3.0,3.0,8.0,39.0,7.8,0,1,5508989.0,12772.69017643922
Kharghar,529.94,1.0,3.0,24.0,39.0,12.5,1,0,7735492.0,14596.920406083706
Nerul,629.24,3.0,4.0,12.0,14.0,6.7,1,0,7110691.0,11300.44339202848
Airoli,8472.75,2.0,4.0,11.0,13.0,9.7,1,0,105722413.0,12477.933728718539
Ghansoli,1196.7,1.0,3.0,6.0,23.0,4.2,1,0,12048732.0,10068.297819002255
Ulwe,108.86,1.0,2.0,7.0,30.0,1.9,1,0,895211.0,8223.507257027375
Panvel,429.92,2.0,3.0,34.0,31.0,17.3,0,0,4706233.0,10946.764514328246
Vashi,82.12,2.0,3.0,10.0,29.0,12.9,0,0,727600.0,8860.204578665367
Panvel,847.34,2.0,4.0,8.0,13.0,5.0,1,0,11752618.0,13870.014397998442
Panvel,353.02,2.0,3.0,32.0,19.0,2.0,0,1,5451755.0,15443.190187524788
Ulwe,232.77,1.0,2.0,27.0,2.0,6.3,1,0,2835586.0,12181.922068995145
Panvel,1302.7,2.0,3.0,31.0,6.0,1.9,1,1,15604654.0,11978.701159131035
Ghansoli,1331.1,2.0,4.0,9.0,32.0,3.3,0,0,17586979.0,13212.364961310195
Panvel,650.26,4.0,1.0,10.0,8.0,6.7,0,1,9440187.0,14517.557592347677
Kharghar,864.62,2.0,4.0,18.0,26.0,9.9,0,1,11820390.0,13671.19659503597
Ulwe,419.8,2.0,3.0,4.0,31.0,12.2,0,0,4569608.0,10885.202477370176
Nerul,851.25,2.0,1.0,34.0,26.0,20.9,0,0,13191692.0,15496.848164464023
Panvel,456.6,2.0,3.0,2.0,39.0,0.9,0,0,6369746.0,13950.385457731056
Panvel,455.33,2.0,3.0,11.0,8.0,5.4,1,0,4417179.0,9701.049788065799
Vashi,1003.77,1.0,3.0,17.0,22.0,11.5,1,1,16844616.0,16781.35030933381
Cbd Belapur,1240.72,4.0,4.0,19.0,26.0,4.2,0,1,26906861.0,21686.489296537493
Ghansoli,802.17,4.0,3.0,16.0,39.0,0.2,0,0,15292698.0,19064.160963386814
Panvel,1150.27,3.0,3.0,16.0,20.0,8.3,0,1,13429997.0,11675.517052518104
Ulwe,933.47,1.0,2.0,6.0,24.0,8.1,0,0,16971693.0,18181.294524730307
Ulwe,840.86,3.0,4.0,10.0,18.0,13.8,1,1,11618478.0,13817.375068382371
Vashi,54.86,1.0,3.0,22.0,2.0,6.0,1,1,975419.0,17780.149471381697
Kharghar,1062.81,2.0,1.0,34.0,2.0,7.1,1,0,15371966.0,14463.512763334933
Kharghar,696.69,1.0,4.0,11.0,5.0,7.4,0,0,9388518.0,13475.890281186754
Nerul,823.57,4.0,3.0,5.0,9.0,9.9,0,1,16599303.0,20155.30313148852
Airoli,892.36,2.0,3.0,9.0,8.0,0.7,0,1,14608074.0,16370.157783854049
Nerul,114.57,4.0,3.0,24.0,36.0,0.7,1,1,1716959.0,14986.113293183207
Kharghar,929.0,2.0,2.0,15.0,6.0,7.1,1,1,11979195.0,12894.720129171152
Kharghar,1175.71,2.0,3.0,20.0,39.0,5.0,0,0,12102117.0,10293.45416811969
Kharghar,1842.52,3.0,3.0,18.0,18.0,11.8,0,0,27719758.0,15044.481471028808
Belapur,228.45,2.0,4.0,14.0,6.0,6.4,1,1,2826294.0,12371.6086671044
Belapur,92.22,2.0,1.0,25.0,29.0,19.4,0,0,112277.0,1217.4907829104316
Ulwe,988.29,2.0,3.0,2.0,7.0,4.4,1,0,17223595.0,17427.673051432273
Ghansoli,552.36,1.0,3.0,5.0,22.0,7.8,0,0,8678291.0,15711.295169816785
Belapur,372.58,2.0,4.0,5.0,22.0,12.1,0,1,3470891.0,9315.827473294326
Nerul,713.49,1.0,1.0,24.0,27.0,3.1,0,1,9117343.0,12778.515466229379
Kharghar,3920.17,2.0,2.0,9.0,38.0,17.0,1,1,57847570.0,14756.39321764107
Ghansoli,1115.26,4.0,3.0,22.0,30.0,6.6,1,0,16480448.0,14777.225041694313
Panvel,521.26,3.0,2.0,5.0,8.0,3.5,1,0,8701633.0,16693.460077504507
Kharghar,138.93,2.0,1.0,15.0,27.0,2.7,0,1,1820950.0,13106.960339739437
Airoli,536.22,2.0,1.0,18.0,6.0,0.5,1,1,6224682.0,11608.44802506434
Nerul,882.65,2.0,1.0,4.0,1.0,6.0,1,1,11531369.0,13064.486489548519
Ghansoli,1258.89,2.0,1.0,15.0,20.0,5.4,0,0,22644323.0,17987.53107896639
Kharghar,1073.93,1.0,3.0,7.0,15.0,11.8,0,1,12348233.0,11498.173065283583
Kharghar,1244.57,3.0,4.0,30.0,9.0,4.2,0,0,18459795.0,14832.267369452904
Panvel,858.25,3.0,4.0,28.0,21.0,6.5,0,0,17654989.0,20570.91639965045
Kharghar,3031.53,1.0,4.0,34.0,7.0,6.8,0,0,52413390.0,17289.41821456492
Ghansoli,1134.11,3.0,2.0,12.0,23.0,9.2,0,0,18605602.0,16405.46507834337
Cbd Belapur,1060.72,2.0,2.0,12.0,34.0,18.0,1,0,16039115.0,15120.96971868165
Airoli,491.64,1.0,1.0,12.0,16.0,11.1,0,0,8962423.0,18229.645675697666
Vashi,938.46,1.0,4.0,3.0,32.0,16.0,1,1,17197580.0,18325.32020544296
Ghansoli,87.95,2.0,1.0,7.0,34.0,9.4,1,0,718677.0,8171.42694712905
Panvel,1519.85,2.0,3.0,27.0,14.0,17.3,1,1,18804405.0,12372.540053294733
Ulwe,1038.63,2.0,1.0,15.0,23.0,9.9,0,0,10320009.0,9936.174576124316
Kharghar,1320.64,2.0,3.0,8.0,13.0,1.4,0,0,15110282.0,11441.63587351587
Ulwe,777.94,2.0,2.0,29.0,8.0,8.3,0,0,11460667.0,14732.070596704116
Nerul,583.49,2.0,1.0,29.0,34.0,16.1,1,0,6600229.0,11311.640302318805
Ulwe,443.52,4.0,4.0,8.0,29.0,18.5,1,0,6221211.0,14026.900703463203
Panvel,874.76,2.0,2.0,12.0,6.0,5.9,0,0,9795872.0,11198.353834194522
Cbd Belapur,5198.83,2.0,3.0,16.0,13.0,11.0,0,1,58572703.0,11266.51631232412
Ulwe,1331.04,1.0,3.0,31.0,8.0,10.8,0,1,15490301.0,11637.742667387907
Cbd Belapur,771.12,1.0,4.0,11.0,25.0,13.9,1,1,14703647.0,19067.910312273056
Nerul,594.1,2.0,4.0,8.0,6.0,3.8,1,1,10356747.0,17432.666217808448
Belapur,1198.78,2.0,1.0,17.0,15.0,7.4,0,0,14601160.0,12180.01634995579
Cbd Belapur,612.7,4.0,3.0,9.0,38.0,21.0,0,0,12819062.0,20922.24906153093
Panvel,718.26,4.0,1.0,16.0,16.0,3.4,1,0,13531794.0,18839.68757831426
Kharghar,929.04,2.0,4.0,17.0,35.0,18.2,0,0,13429300.0,14455.028846981832
Panvel,831.96,2.0,4.0,3.0,28.0,13.9,0,0,11802558.0,14186.448867734025
Vashi,1062.25,2.0,3.0,4.0,36.0,18.6,0,0,19489923.0,18347.774064485762
Nerul,647.7,4.0,3.0,11.0,2.0,11.2,1,0,8966977.0,13844.336884360042
Ulwe,714.22,2.0,2.0,32.0,29.0,1.5,1,1,10383975.0,14538.90257903727
Ghansoli,4460.27,4.0,3.0,16.0,19.0,10.4,0,1,52946640.0,11870.7253148352
Panvel,854.91,2.0,1.0,9.0,25.0,9.4,1,1,13602445.0,15910.967236317274
Nerul,1108.24,2.0,3.0,34.0,26.0,5.0,0,0,12417738.0,11204.917707355808
Kharghar,2867.19,4.0,3.0,6.0,14.0,14.7,0,1,46962086.0,16379.132879230187
Panvel,742.56,2.0,4.0,9.0,16.0,1.1,0,0,12117017.0,16317.896196940315
Belapur,391.68,3.0,1.0,15.0,14.0,11.5,0,1,5622023.0,14353.612642973856
Nerul,859.41,2.0,1.0,18.0,8.0,2.2,1,0,14829561.0,17255.513666352497
Vashi,864.67,3.0,2.0,21.0,17.0,13.8,1,1,12060645.0,13948.263499369703
Ghansoli,763.72,2.0,3.0,24.0,2.0,18.2,1,0,11991412.0,15701.319855444402
Kharghar,1545.65,2.0,3.0,26.0,31.0,21.6,1,0,27779643.0,17972.79008831236
Airoli,318.25,4.0,1.0,16.0,26.0,8.9,0,0,5750475.0,18069.04948939513
Cbd Belapur,1590.52,4.0,3.0,23.0,23.0,6.8,0,0,32766683.0,20601.239217362876
Vashi,989.07,3.0,3.0,17.0,23.0,0.4,0,0,10644399.0,10762.027965664714
Cbd Belapur,1485.44,1.0,4.0,4.0,4.0,3.8,1,1,13646639.0,9186.933837785436
Kharghar,857.56,2.0,3.0,10.0,24.0,7.7,0,0,15933556.0,18580.106348243855
Cbd Belapur,478.22,2.0,2.0,25.0,13.0,16.6,1,1,6214148.0,12994.328969930157
Kharghar,861.24,3.0,2.0,23.0,10.0,0.1,0,0,18127195.0,21047.785750777948
Vashi,1101.53,1.0,1.0,17.0,19.0,12.2,0,0,15133803.0,13738.8931758554
Cbd Belapur,488.66,3.0,3.0,16.0,22.0,14.8,0,1,5272891.0,10790.510784594606
Nerul,1185.8,1.0,2.0,23.0,23.0,9.0,1,0,18035996.0,15209.981447124304
Vashi,850.46,2.0,3.0,34.0,17.0,13.3,1,0,16048242.0,18870.07266655692
Airoli,206.27,4.0,3.0,10.0,9.0,8.3,0,0,2538459.0,12306.486643719396
Airoli,1085.35,2.0,3.0,29.0,9.0,2.6,1,1,16484569.0,15188.251716036302
Panvel,452.07,3.0,1.0,19.0,20.0,8.1,0,0,5712246.0,12635.7555245869
Kharghar,1107.59,1.0,4.0,19.0,25.0,3.2,0,1,12823716.0,11578.035193528292
Nerul,945.08,4.0,3.0,28.0,18.0,7.0,1,0,11455589.0,12121.290261141914
Ulwe,537.2,2.0,4.0,26.0,10.0,12.0,0,0,5890064.0,10964.378257632166
Kharghar,668.07,4.0,3.0,3.0,15.0,22.9,0,0,12174785.0,18223.816366548413
Kharghar,1198.22,3.0,3.0,31.0,17.0,7.0,1,1,13715419.0,11446.494800620922
Belapur,472.55,1.0,4.0,21.0,5.0,13.5,0,0,5700527.0,12063.330864458787
Panvel,589.94,2.0,3.0,9.0,8.0,5.5,1,0,6195682.0,10502.223954978472
Vashi,648.72,2.0,4.0,2.0,26.0,7.3,0,1,11067330.0,17060.25712171661
Ghansoli,999.57,1.0,3.0,16.0,29.0,3.2,1,1,17234469.0,17241.883009694167
Vashi,1140.73,2.0,3.0,16.0,5.0,5.1,0,0,12010489.0,10528.774556643553
Kharghar,965.02,2.0,3.0,23.0,36.0,14.6,1,0,13189802.0,13667.905328386976
Nerul,551.84,1.0,3.0,9.0,9.0,19.0,0,0,8032443.0,14555.746230791532
Nerul,1227.09,2.0,4.0,23.0,16.0,0.4,0,0,20204392.0,16465.289424573584
Airoli,841.04,4.0,4.0,20.0,5.0,4.6,1,1,16739291.0,19903.085465614004
Kharghar,1113.18,1.0,2.0,19.0,33.0,10.1,0,1,16041285.0,14410.324475826012
Nerul,1073.07,1.0,4.0,7.0,7.0,1.4,0,1,17730034.0,16522.718927935737
Kharghar,1375.11,2.0,3.0,14.0,23.0,3.6,0,0,16272747.0,11833.778388638
Nerul,1066.55,3.0,4.0,27.0,1.0,8.2,1,1,19341337.0,18134.48689700436
Panvel,858.56,3.0,4.0,34.0,6.0,2.0,0,0,13655228.0,15904.803391725682
Kharghar,248.29,4.0,4.0,29.0,9.0,8.6,1,1,6114694.0,24627.226227395386
Nerul,1433.31,3.0,2.0,23.0,4.0,2.5,0,0,22404782.0,15631.497722055941
Ghansoli,12.01,3.0,4.0,9.0,17.0,7.4,0,0,226992.0,18900.249791840135
Nerul,479.53,2.0,3.0,7.0,3.0,10.9,0,0,5085466.0,10605.104998644507
Ulwe,1664.94,3.0,1.0,30.0,13.0,6.5,0,1,21488508.0,12906.475909041766
Airoli,829.07,4.0,3.0,0.0,35.0,8.0,0,0,13311687.0,16056.167754230642
Kharghar,585.74,4.0,2.0,25.0,30.0,10.1,1,0,6861519.0,11714.27425137433
Panvel,872.52,3.0,3.0,21.0,27.0,11.2,1,1,10811592.0,12391.225416036308
Kharghar,167.06,2.0,2.0,26.0,8.0,4.0,0,0,2583704.0,15465.724889261342
Ghansoli,837.59,4.0,2.0,22.0,18.0,10.5,0,1,12142223.0,14496.618870807913
Panvel,456.97,2.0,4.0,9.0,7.0,6.8,0,0,7364907.0,16116.82823817756
Ulwe,1461.62,2.0,4.0,16.0,7.0,8.0,0,1,19728976.0,13498.02000519971
Kharghar,983.11,2.0,3.0,27.0,37.0,8.2,1,0,13813656.0,14050.977001556286
Ulwe,1047.24,2.0,1.0,25.0,13.0,6.2,0,1,12158425.0,11609.970016424124
Kharghar,1337.27,3.0,4.0,30.0,9.0,6.0,0,0,17822636.0,13327.62718074884
Panvel,9859.37,1.0,1.0,8.0,25.0,4.1,1,1,143709572.0,14575.93862488171
Vashi,985.46,2.0,4.0,3.0,20.0,9.2,0,1,11614294.0,11785.657459460555
Kharghar,5007.23,2.0,4.0,15.0,23.0,6.6,0,0,78147891.0,15607.01046287069
Cbd Belapur,992.36,1.0,2.0,30.0,10.0,11.5,0,0,13746869.0,13852.703655931315
Nerul,1639.88,1.0,3.0,14.0,6.0,6.3,0,0,16027500.0,9773.580993731248
Nerul,704.81,3.0,3.0,6.0,23.0,7.7,0,0,10921874.0,15496.19613796626
Kharghar,379.55,3.0,1.0,16.0,1.0,5.2,0,1,5523638.0,14553.123435647476
Cbd Belapur,564.08,2.0,1.0,14.0,21.0,5.5,0,0,5449266.0,9660.448872500354
Cbd Belapur,9254.87,2.0,2.0,19.0,11.0,13.9,1,1,139020762.0,15021.363022927388
Ulwe,4.82,2.0,3.0,23.0,3.0,4.0,0,1,78268.0,16238.17427385892
Kharghar,658.62,2.0,1.0,24.0,17.0,12.0,0,0,8764419.0,13307.246970939237
Kharghar,1145.45,2.0,1.0,11.0,13.0,2.4,0,0,17902200.0,15628.966781614212
Nerul,727.89,1.0,3.0,24.0,38.0,10.6,0,0,10648820.0,14629.71053318496
Vashi,324.08,4.0,2.0,22.0,11.0,8.6,1,1,4498940.0,13882.189582819057
Belapur,968.35,3.0,3.0,29.0,1.0,12.7,1,1,16643085.0,17187.055300253007
Nerul,924.75,2.0,1.0,18.0,2.0,10.4,0,1,12056954.0,13038.068667207353
Airoli,409.78,4.0,3.0,2.0,15.0,7.5,0,1,5386288.0,13144.340865830447
Kharghar,1577.02,1.0,4.0,10.0,26.0,15.5,0,0,19873603.0,12601.998072313605
Ulwe,2367.63,4.0,1.0,27.0,14.0,3.9,1,0,39990795.0,16890.643808365327
Ulwe,232.77,1.0,2.0,27.0,2.0,6.3,1,0,2835586.0,12181.922068995145
Ghansoli,881.9,2.0,2.0,24.0,24.0,6.4,0,1,15271643.0,17316.751332350606
Cbd Belapur,418.6,2.0,1.0,16.0,30.0,12.1,1,1,5720534.0,13665.871954132823
Ulwe,982.91,2.0,1.0,15.0,16.0,14.4,1,0,19480352.0,19819.059730799363
Belapur,871.41,2.0,3.0,1.0,3.0,6.8,0,1,8026538.0,9210.977610998267
Panvel,984.81,4.0,1.0,19.0,17.0,1.8,0,0,13661955.0,13872.6810247662
Nerul,1187.01,2.0,4.0,15.0,6.0,10.5,0,0,15327833.0,12912.977144253207
Kharghar,1046.3,2.0,4.0,6.0,1.0,23.6,0,1,13124327.0,12543.560164388799
Belapur,770.36,2.0,4.0,3.0,22.0,9.2,1,1,9360166.0,12150.379043564048
Kharghar,803.19,2.0,4.0,6.0,17.0,7.5,0,0,10317915.0,12846.1696485265
Panvel,1068.25,2.0,1.0,16.0,18.0,1.1,0,0,14511656.0,13584.512988532646
Panvel,992.88,2.0,3.0,13.0,38.0,6.1,1,1,12113178.0,12200.042301184434
Kharghar,1112.69,1.0,1.0,27.0,32.0,2.2,0,0,12473034.0,11209.801472108134
Panvel,966.51,4.0,1.0,30.0,13.0,14.2,1,0,19395654.0,20067.722010118883
Airoli,847.05,2.0,4.0,16.0,16.0,2.0,1,0,14709111.0,17365.103594829114
Ghansoli,957.54,4.0,4.0,12.0,34.0,12.2,1,1,16792924.0,17537.569187710174
Belapur,8999.11,1.0,4.0,12.0,9.0,11.3,0,0,103258834.0,11474.338462359055
Panvel,1183.83,2.0,3.0,34.0,9.0,8.0,0,0,19684995.0,16628.22787055574
Nerul,123.09,1.0,2.0,14.0,12.0,16.8,1,1,1429567.0,11613.997887724428
Belapur,886.9,2.0,3.0,10.0,35.0,4.1,0,1,14154814.0,15959.875972488444
Nerul,677.65,3.0,2.0,25.0,7.0,8.8,0,1,5754881.0,8492.409060724563
Airoli,448.68,3.0,3.0,17.0,10.0,8.3,0,1,8730053.0,19457.192208255325
Ulwe,748.54,2.0,1.0,23.0,19.0,7.0,0,0,12398927.0,16564.147540545597
Airoli,1190.05,2.0,1.0,0.0,16.0,5.6,0,0,17538963.0,14738.005125835049
Kharghar,5401.59,4.0,2.0,15.0,3.0,9.2,1,0,69093705.0,12791.364209427224
Ulwe,934.97,1.0,3.0,26.0,8.0,2.4,1,1,17439480.0,18652.448741670854
Belapur,1113.2,1.0,2.0,4.0,3.0,11.6,1,1,13577214.0,12196.563061444484
Panvel,938.71,4.0,3.0,9.0,33.0,16.2,0,0,12665272.0,13492.209521577484
Nerul,906.52,2.0,4.0,13.0,3.0,5.7,0,1,12583200.0,13880.774831222698
Belapur,1297.98,2.0,2.0,34.0,36.0,6.4,1,0,18172690.0,14000.747315058783
Belapur,929.51,2.0,3.0,32.0,23.0,11.8,0,0,16058661.0,17276.480080902842
Nerul,1143.51,2.0,2.0,6.0,6.0,11.3,1,0,13777763.0,12048.659828073214
Nerul,1051.48,2.0,2.0,2.0,24.0,2.6,1,0,16745391.0,15925.543995130673
Kharghar,912.85,4.0,1.0,2.0,4.0,0.4,1,0,15640231.0,17133.40746015227
Belapur,803.73,2.0,2.0,2.0,12.0,11.0,0,0,14330185.0,17829.60073656576
Panvel,1834.96,2.0,1.0,25.0,19.0,10.3,0,1,22186480.0,12090.988359419278
Nerul,3182.47,4.0,4.0,25.0,5.0,3.9,0,0,43678454.0,13724.70251094276
Panvel,45.27,1.0,3.0,2.0,10.0,2.2,1,0,1117238.0,24679.43450408659
Nerul,1522.15,2.0,1.0,6.0,31.0,6.6,1,0,24592384.0,16156.347271950857
Panvel,614.21,2.0,3.0,16.0,9.0,15.9,0,1,9536986.0,15527.239869100144
Kharghar,401.99,3.0,2.0,9.0,5.0,14.4,0,0,5079265.0,12635.301873180924
Belapur,1042.02,4.0,4.0,21.0,14.0,8.7,0,1,18360608.0,17620.206905817548
Panvel,796.41,3.0,3.0,29.0,32.0,9.5,1,1,11323897.0,14218.677565575521
Belapur,1087.52,2.0,3.0,19.0,37.0,7.7,1,1,9784169.0,8996.7715536266
Ghansoli,3788.7,1.0,4.0,22.0,9.0,23.2,0,1,58093479.0,15333.354184812733
Cbd Belapur,1574.9,3.0,1.0,5.0,20.0,11.7,1,1,19923983.0,12650.951171502951
Panvel,718.71,3.0,1.0,10.0,39.0,14.7,0,1,13101308.0,18228.921261705
Ghansoli,933.41,2.0,1.0,13.0,1.0,1.4,0,0,11567715.0,12392.962363805831
Ghansoli,1577.95,3.0,4.0,5.0,28.0,8.4,0,0,31516423.0,19973.017522735194
Nerul,937.18,2.0,2.0,21.0,24.0,8.2,1,1,13082156.0,13959.064427324527
Kharghar,778.39,2.0,1.0,15.0,21.0,2.2,1,0,8846548.0,11365.187116997906
Airoli,1676.64,2.0,4.0,31.0,26.0,3.2,0,0,21572741.0,12866.650563030822
Belapur,903.25,1.0,4.0,26.0,25.0,0.2,1,0,10098819.0,11180.535842789925
Panvel,1285.13,3.0,4.0,33.0,34.0,7.4,0,1,22940284.0,17850.555196750523
Ghansoli,26.68,3.0,1.0,4.0,31.0,23.8,1,0,932195.0,34939.842578710646
Airoli,1316.53,2.0,4.0,26.0,39.0,10.1,0,0,16186433.0,12294.769583678306
Panvel,1150.27,3.0,3.0,16.0,20.0,8.3,0,1,13429997.0,11675.517052518104
Belapur,881.69,3.0,2.0,32.0,25.0,2.6,0,1,11836611.0,13424.912384171306
Kharghar,609.44,4.0,4.0,11.0,11.0,9.1,1,1,9350546.0,15342.849173011287
Panvel,1233.97,1.0,4.0,23.0,13.0,14.4,0,1,12185741.0,9875.232785237891
Belapur,856.6,3.0,4.0,31.0,26.0,23.8,0,1,9762427.0,11396.716086855007
Cbd Belapur,1433.12,3.0,3.0,24.0,7.0,6.1,0,0,25426153.0,17741.817154181088
Panvel,133.11,2.0,3.0,2.0,37.0,17.7,0,1,2755057.0,20697.5959732552
Ghansoli,1004.73,2.0,3.0,29.0,36.0,0.9,0,1,13218227.0,13155.999124142805
Vashi,1313.9,3.0,2.0,31.0,14.0,6.8,1,1,21595119.0,16435.892381459777
Belapur,644.99,2.0,3.0,11.0,37.0,14.2,0,1,10283522.0,15943.692150265895
Kharghar,769.92,2.0,1.0,4.0,15.0,8.4,0,0,15332614.0,19914.554758935996
Belapur,1405.49,2.0,3.0,26.0,8.0,20.6,0,1,21096934.0,15010.376452340464
Nerul,697.66,2.0,1.0,26.0,15.0,6.2,0,0,7850089.0,11252.026775220022
Belapur,1621.08,3.0,3.0,5.0,36.0,4.7,0,1,28547343.0,17610.07661558961
Panvel,819.19,1.0,2.0,14.0,39.0,6.7,0,0,9437699.0,11520.7692965002
Kharghar,1235.84,3.0,4.0,10.0,20.0,4.3,0,1,18150059.0,14686.414908078717
Nerul,895.02,2.0,2.0,22.0,25.0,9.5,0,0,12218733.0,13651.910571830796
Kharghar,1231.49,1.0,1.0,23.0,36.0,2.6,0,1,22772462.0,18491.79611689904
Ghansoli,1732.87,2.0,3.0,31.0,15.0,6.9,1,0,18110169.0,10450.968047228009
Nerul,1218.81,2.0,2.0,21.0,29.0,5.5,1,0,13073456.0,10726.410186985668
Nerul,799.8,2.0,3.0,0.0,6.0,4.1,1,1,14365399.0,17961.239059764943
Kharghar,765.74,1.0,4.0,24.0,39.0,14.3,0,0,8703932.0,11366.693655810066
Airoli,1167.21,4.0,3.0,28.0,12.0,6.6,1,0,14350286.0,12294.519409532131
Kharghar,1738.35,2.0,3.0,24.0,24.0,7.9,1,0,22008701.0,12660.684557195042
Kharghar,1824.29,2.0,1.0,0.0,16.0,6.5,0,0,21500843.0,11785.869023017174
Kharghar,1011.62,2.0,3.0,2.0,8.0,7.7,1,1,13380852.0,13227.152488088412
Ghansoli,628.09,2.0,3.0,2.0,1.0,2.0,1,0,6095882.0,9705.427566113136
Panvel,1789.89,2.0,3.0,27.0,39.0,6.5,1,1,17638961.0,9854.773757046521
Cbd Belapur,269.93,2.0,2.0,25.0,39.0,3.3,0,0,4861380.0,18009.780313414587
Panvel,1431.85,2.0,3.0,9.0,39.0,13.1,1,1,24472020.0,17091.189719593534
Ghansoli,1124.62,2.0,3.0,6.0,27.0,13.4,1,0,17165804.0,15263.648165602604
Panvel,238.51,2.0,4.0,29.0,19.0,17.0,0,0,3228617.0,13536.610624292483
Panvel,9859.37,1.0,1.0,8.0,25.0,4.1,1,1,143709572.0,14575.93862488171
Cbd Belapur,1012.85,4.0,2.0,1.0,19.0,9.1,0,1,17787075.0,17561.410870316435
Panvel,478.99,3.0,4.0,10.0,11.0,9.4,0,0,9470667.0,19772.160170358464
Nerul,545.16,2.0,3.0,27.0,1.0,1.9,0,1,8182487.0,15009.331205517647
Ghansoli,1530.85,2.0,3.0,15.0,27.0,8.1,0,0,16959365.0,11078.397622236012
Nerul,711.02,2.0,4.0,9.0,12.0,11.4,1,0,7038059.0,9898.538719023376
Cbd Belapur,1210.45,2.0,4.0,11.0,24.0,7.2,0,1,18157159.0,15000.337890867033
Panvel,492.81,1.0,2.0,27.0,28.0,2.7,0,1,9380518.0,19034.755788234816
Panvel,811.32,3.0,1.0,24.0,17.0,13.8,1,0,8657909.0,10671.386136173149
Panvel,1300.7,3.0,2.0,19.0,1.0,11.3,0,0,23969023.0,18427.78734527562
Nerul,739.75,1.0,4.0,1.0,33.0,8.2,0,0,11394870.0,15403.676917877661
Cbd Belapur,1123.97,2.0,4.0,15.0,21.0,3.5,0,1,11620991.0,10339.235922666974
Kharghar,1295.83,3.0,3.0,12.0,18.0,15.7,1,0,15261303.0,11777.241613483251
Ulwe,1034.73,3.0,4.0,12.0,2.0,3.1,0,1,15061959.0,14556.414716882664
Ghansoli,681.47,3.0,3.0,9.0,28.0,8.8,1,1,12937596.0,18984.835722775762
Nerul,742.53,2.0,3.0,16.0,26.0,13.1,1,1,12200750.0,16431.32264016269
Kharghar,999.37,2.0,1.0,16.0,10.0,0.7,0,0,14971631.0,14981.069073516315
Cbd Belapur,790.93,3.0,1.0,6.0,1.0,0.9,0,0,16146466.0,20414.532259491993
Kharghar,438.03,1.0,3.0,2.0,23.0,6.6,0,0,5480381.0,12511.428440974363
Ulwe,70.48,3.0,3.0,23.0,33.0,10.6,0,0,984418.0,13967.338251986379
Nerul,1228.43,1.0,3.0,27.0,8.0,5.2,1,0,15280347.0,12438.9236667942
Panvel,873.8,4.0,3.0,10.0,30.0,9.9,0,1,10283192.0,11768.35889219501
Panvel,1102.62,2.0,3.0,22.0,18.0,11.8,0,0,10548042.0,9566.343799314362
Kharghar,245.89,3.0,3.0,26.0,7.0,2.3,0,0,3375725.0,13728.59815364594
Airoli,438.17,2.0,3.0,32.0,36.0,4.3,1,1,5072237.0,11575.956820412168
Panvel,1569.46,1.0,1.0,32.0,14.0,9.9,0,1,22801419.0,14528.193773654633
Nerul,1241.05,4.0,3.0,7.0,23.0,8.3,1,0,13865237.0,11172.182426171388
Panvel,925.65,3.0,1.0,0.0,15.0,0.5,0,0,14452896.0,15613.780586614812
Ulwe,241.9,3.0,3.0,14.0,22.0,1.8,0,1,5016522.0,20737.99917321207
Belapur,805.48,4.0,2.0,2.0,16.0,7.6,0,0,11671777.0,14490.461588121369
Ghansoli,941.19,2.0,3.0,9.0,38.0,14.7,0,1,15599686.0,16574.42811759581
Kharghar,4150.97,3.0,2.0,14.0,29.0,0.6,0,0,78168440.0,18831.36712623796
Cbd Belapur,705.35,2.0,4.0,18.0,20.0,5.7,0,0,7117545.0,10090.798894166017
Airoli,1234.78,3.0,4.0,25.0,30.0,2.2,1,0,23708314.0,19200.435705145857
Panvel,923.54,2.0,3.0,4.0,7.0,4.1,0,1,13391176.0,14499.833250319423
Panvel,836.05,1.0,3.0,31.0,36.0,6.5,0,0,15467881.0,18501.143472280368
Ulwe,1255.38,3.0,3.0,25.0,23.0,15.0,1,0,16797300.0,13380.25139798308
Ghansoli,298.85,4.0,4.0,24.0,30.0,0.0,1,1,6993946.0,23402.8643132006
Nerul,829.82,2.0,2.0,16.0,9.0,11.7,0,1,9486584.0,11432.098527391481
Kharghar,1449.39,3.0,3.0,29.0,2.0,20.2,0,0,16983629.0,11717.777133828713
Nerul,1376.48,4.0,3.0,0.0,39.0,2.2,1,0,19921510.0,14472.792921074044
Ghansoli,782.98,1.0,4.0,3.0,14.0,1.1,1,0,13588388.0,17354.706378196122
Panvel,903.37,2.0,3.0,12.0,16.0,9.3,0,0,10283939.0,11383.972237289261
Nerul,1221.49,2.0,3.0,15.0,6.0,2.4,1,0,11710488.0,9587.051879262213
Cbd Belapur,291.25,2.0,1.0,23.0,20.0,11.6,1,1,3407919.0,11701.009442060085
Kharghar,631.15,3.0,1.0,0.0,16.0,8.2,1,0,8036089.0,12732.455042382951
Belapur,1062.4,3.0,4.0,0.0,34.0,4.3,1,0,12221078.0,11503.273719879517
Belapur,510.74,2.0,1.0,25.0,7.0,5.8,0,1,4574620.0,8956.846927986842
Airoli,1306.0,1.0,2.0,16.0,33.0,17.5,1,1,14145458.0,10831.131699846861
Nerul,848.02,4.0,1.0,22.0,29.0,9.5,0,0,18309998.0,21591.469540812715
Ulwe,961.38,2.0,1.0,24.0,31.0,4.5,0,1,18118920.0,18846.782749797167
Kharghar,4659.0,2.0,1.0,3.0,25.0,3.3,1,1,58577976.0,12573.079201545395
Kharghar,1291.59,4.0,2.0,0.0,27.0,10.5,1,0,27584865.0,21357.292174761344
Airoli,1657.65,2.0,1.0,28.0,20.0,5.8,1,0,29584317.0,17847.14324495521
Vashi,1099.06,2.0,3.0,9.0,29.0,9.0,0,1,15256295.0,13881.221225410807
Nerul,100.87,2.0,1.0,25.0,29.0,15.2,0,0,750665.0,7441.905422821453
Panvel,757.95,4.0,3.0,2.0,5.0,8.8,0,0,15040622.0,19843.818193812254
Vashi,639.76,2.0,1.0,13.0,28.0,3.2,1,0,9532946.0,14900.815930974115
Ghansoli,1417.29,2.0,3.0,16.0,19.0,2.8,1,0,18141522.0,12800.148170099274
Vashi,1226.1,3.0,1.0,9.0,15.0,7.0,0,1,19492742.0,15898.166544327543
Cbd Belapur,1413.73,2.0,3.0,22.0,5.0,1.5,0,0,16761446.0,11856.186117575491
Kharghar,643.0,3.0,1.0,26.0,17.0,12.6,0,1,9221620.0,14341.555209953343
Ghansoli,917.83,2.0,4.0,34.0,22.0,5.2,0,1,17061797.0,18589.277970866064
Ghansoli,1123.72,3.0,3.0,32.0,5.0,3.9,1,0,18918166.0,16835.302388495355
Ulwe,1224.74,3.0,1.0,20.0,22.0,4.4,0,1,17867921.0,14589.154432777568
Airoli,689.67,2.0,1.0,26.0,24.0,8.0,0,0,6024012.0,8734.629605463482
Ulwe,670.2,1.0,4.0,30.0,29.0,0.5,0,1,7954354.0,11868.627275440167
Kharghar,558.69,2.0,1.0,0.0,22.0,5.0,0,0,7964451.0,14255.581807442408
Nerul,739.57,2.0,2.0,30.0,23.0,7.9,0,0,5861026.0,7924.910420920264
Panvel,1072.58,2.0,2.0,15.0,15.0,8.0,0,0,14144587.0,13187.4424285368
Nerul,1077.35,3.0,1.0,5.0,24.0,9.7,0,1,12604074.0,11699.145124611316
Vashi,1414.56,3.0,3.0,31.0,27.0,3.1,1,0,25942483.0,18339.613024544735
Vashi,1042.21,1.0,3.0,22.0,13.0,9.6,0,0,9687622.0,9295.26870784199
Kharghar,1052.0,3.0,3.0,16.0,26.0,14.6,0,0,16488870.0,15673.830798479088
Nerul,1406.93,1.0,1.0,13.0,11.0,1.3,1,1,19452607.0,13826.279203656188
Ghansoli,1490.43,2.0,4.0,3.0,37.0,13.3,0,0,27120156.0,18196.19572874942
Airoli,1076.46,2.0,3.0,17.0,24.0,10.8,1,0,9571962.0,8892.0740204002
Cbd Belapur,430.67,2.0,2.0,24.0,1.0,7.1,1,0,4414122.0,10249.429957972461
Ulwe,588.94,2.0,4.0,5.0,30.0,24.2,1,1,6578835.0,11170.637076782014
Belapur,1632.64,2.0,3.0,0.0,36.0,13.2,1,1,14162184.0,8674.407095256762
Ulwe,700.86,2.0,3.0,34.0,6.0,5.5,0,0,11583450.0,16527.480523927745
Panvel,896.64,2.0,4.0,4.0,8.0,14.4,0,0,7815736.0,8716.693433261957
Nerul,1253.57,3.0,2.0,24.0,9.0,9.7,0,1,16133517.0,12870.056718013355
Kharghar,1056.14,2.0,3.0,6.0,39.0,4.5,1,1,14983547.0,14187.084098699035
Belapur,1481.27,1.0,1.0,15.0,20.0,5.0,0,1,21749900.0,14683.278538011302
Airoli,1798.4,4.0,3.0,22.0,5.0,13.9,0,1,29012993.0,16132.669595195728
Panvel,520.14,4.0,1.0,2.0,13.0,3.3,1,1,8744846.0,16812.48510016534
Ghansoli,1538.56,3.0,1.0,11.0,30.0,5.8,0,1,16497191.0,10722.48791077371
Panvel,1384.37,4.0,3.0,14.0,38.0,14.3,0,0,16200360.0,11702.33391362136
Nerul,1439.54,1.0,1.0,4.0,18.0,10.0,1,0,20113544.0,13972.202231268322
Ulwe,888.88,1.0,1.0,11.0,21.0,17.0,0,0,10068604.0,11327.292772927729
Panvel,1732.83,2.0,4.0,6.0,34.0,6.6,0,0,29166551.0,16831.74402566899
Panvel,754.61,1.0,4.0,4.0,25.0,17.6,0,1,10601369.0,14048.805343157392
Vashi,554.87,3.0,4.0,9.0,28.0,13.6,1,0,6359586.0,11461.398165336024
Kharghar,571.4,2.0,1.0,9.0,26.0,6.9,0,1,9954080.0,17420.511025551277
Airoli,598.42,4.0,3.0,10.0,2.0,9.8,1,0,10695800.0,17873.399953210122
Panvel,1145.18,1.0,3.0,12.0,9.0,4.1,1,0,15829757.0,13822.942244887266
Kharghar,465.94,2.0,3.0,13.0,31.0,17.5,1,1,6238149.0,13388.309653603468
Kharghar,1372.42,2.0,4.0,28.0,18.0,9.3,0,0,24465705.0,17826.689351656198
Vashi,205.82,1.0,3.0,0.0,31.0,13.2,0,1,3031555.0,14729.156544553494
Nerul,1332.89,2.0,3.0,11.0,21.0,4.5,1,0,22398435.0,16804.41371756109
Kharghar,1053.01,4.0,2.0,11.0,8.0,4.5,1,0,22531021.0,21396.777808377887
Airoli,1836.22,3.0,4.0,8.0,31.0,11.3,0,0,29165711.0,15883.560248771933
Cbd Belapur,1186.0,4.0,3.0,24.0,11.0,23.2,1,1,20963866.0,17676.109612141652
Nerul,904.47,2.0,4.0,4.0,34.0,14.5,0,1,10511579.0,11621.810563092196
Nerul,1861.3,2.0,3.0,3.0,26.0,3.8,0,0,19755089.0,10613.597485628325
Cbd Belapur,875.6,2.0,2.0,13.0,13.0,11.5,0,1,13794402.0,15754.227957971676
Belapur,1394.12,2.0,3.0,23.0,12.0,0.9,0,0,19530680.0,14009.324878776577
Kharghar,1241.93,2.0,2.0,10.0,10.0,16.4,0,0,23921926.0,19261.89559798056
Panvel,636.04,2.0,3.0,5.0,15.0,11.9,1,0,11604674.0,18245.19527073769
Ghansoli,1224.68,2.0,3.0,25.0,13.0,10.7,1,0,19207561.0,15683.73860926936
Airoli,803.5,4.0,2.0,9.0,13.0,6.5,1,1,12903416.0,16059.01182327318
Vashi,1407.5,2.0,3.0,4.0,22.0,10.0,1,0,20314651.0,14433.14458259325
Vashi,679.93,4.0,3.0,18.0,35.0,7.1,0,0,9958093.0,14645.762063741857
Ghansoli,768.92,4.0,1.0,34.0,13.0,1.0,0,1,8496089.0,11049.37964937835
Airoli,1030.18,1.0,2.0,13.0,36.0,6.1,1,1,15157850.0,14713.787881729406
Kharghar,726.39,4.0,3.0,12.0,8.0,0.6,0,1,10606944.0,14602.271507041673
Kharghar,1532.88,2.0,3.0,26.0,37.0,18.1,0,0,14848881.0,9686.916784092688
Kharghar,527.56,2.0,3.0,28.0,34.0,3.3,1,1,8880572.0,16833.292895594815
Panvel,1325.17,2.0,3.0,12.0,2.0,8.1,0,0,14188326.0,10706.796863798607
Airoli,1278.06,2.0,2.0,25.0,2.0,7.6,0,0,12155944.0,9511.246733330205
Nerul,1421.54,2.0,2.0,15.0,9.0,6.1,0,0,15623134.0,10990.287997523812
Cbd Belapur,590.94,2.0,1.0,15.0,24.0,4.2,0,1,11306180.0,19132.534605882152
Ulwe,527.96,1.0,3.0,13.0,24.0,12.9,0,0,8383579.0,15879.193499507537
Belapur,1157.74,2.0,1.0,10.0,5.0,13.0,0,0,18244919.0,15759.081486344085
Nerul,887.83,3.0,1.0,1.0,15.0,1.1,0,1,17286419.0,19470.415507473277
Belapur,1229.53,4.0,1.0,19.0,27.0,16.7,1,1,23531357.0,19138.497637308566
Panvel,1197.64,1.0,3.0,5.0,19.0,8.5,0,1,21649917.0,18077.14922681273
Kharghar,1731.3,2.0,3.0,16.0,1.0,4.8,1,1,28349828.0,16374.878992664473
Nerul,1131.3,2.0,2.0,1.0,28.0,3.4,0,1,16156568.0,14281.41783788562
Panvel,1270.43,1.0,2.0,14.0,3.0,1.3,0,0,13248318.0,10428.215643522271
Panvel,973.15,4.0,2.0,21.0,25.0,6.4,0,0,13210398.0,13574.88362534039
Cbd Belapur,760.54,1.0,1.0,1.0,33.0,25.7,0,0,11418382.0,15013.5193415205
Vashi,973.28,1.0,4.0,14.0,12.0,1.1,0,0,17703417.0,18189.438804866022
Kharghar,672.68,4.0,3.0,25.0,35.0,9.5,1,1,13739940.0,20425.670452518287
Kharghar,711.96,3.0,3.0,34.0,10.0,6.3,0,0,7771389.0,10915.485420529243
Kharghar,955.45,1.0,1.0,0.0,9.0,9.0,1,1,13174422.0,13788.708985294887
Kharghar,1283.57,2.0,3.0,24.0,10.0,10.8,0,1,13673039.0,10652.351644242231
Ulwe,830.47,2.0,3.0,12.0,28.0,5.9,1,0,7150110.0,8609.714980673594
Airoli,841.94,1.0,4.0,30.0,30.0,11.6,1,0,13042282.0,15490.749934674679
Cbd Belapur,630.68,2.0,3.0,31.0,6.0,0.3,0,0,10395127.0,16482.411048392212
Ulwe,1081.64,2.0,1.0,23.0,9.0,15.5,0,1,14138286.0,13071.15676195407
Vashi,1301.66,1.0,1.0,16.0,35.0,7.7,1,0,16603157.0,12755.371602415376
Ghansoli,835.6,2.0,3.0,28.0,9.0,14.6,0,0,13406789.0,16044.5057443753
Nerul,891.86,2.0,3.0,17.0,21.0,10.1,0,1,11203950.0,12562.453748346154
Kharghar,1307.18,4.0,4.0,5.0,33.0,19.0,0,0,26204667.0,20046.71659603115
Nerul,1236.26,1.0,2.0,10.0,32.0,10.5,1,0,20368853.0,16476.188665814636
Cbd Belapur,968.77,3.0,2.0,2.0,39.0,19.4,1,1,17024991.0,17573.821443686324
Ulwe,674.36,1.0,2.0,18.0,12.0,10.8,0,0,12336359.0,18293.43229135773
Ghansoli,1414.75,2.0,1.0,33.0,17.0,2.4,0,0,14047009.0,9928.969075808447
Ghansoli,737.42,2.0,3.0,27.0,11.0,1.4,0,1,9690467.0,13141.041740120963
Panvel,896.28,2.0,3.0,9.0,7.0,12.9,1,1,9720795.0,10845.71227741331
Nerul,1648.95,1.0,3.0,7.0,26.0,13.6,1,0,29419393.0,17841.288698868975
Kharghar,1102.38,2.0,3.0,6.0,30.0,5.3,1,1,16689881.0,15139.861935085904
Vashi,2025.91,2.0,3.0,25.0,30.0,10.3,0,0,30209785.0,14911.711280362899
Nerul,1000.23,1.0,4.0,32.0,18.0,7.0,1,0,12528012.0,12525.131219819441
Nerul,743.26,4.0,2.0,9.0,8.0,11.7,1,1,11968200.0,16102.306057099804
Panvel,1445.83,1.0,3.0,27.0,31.0,5.6,1,0,14520988.0,10043.35779448483
Panvel,969.13,2.0,2.0,23.0,37.0,4.6,0,1,12064197.0,12448.481627851785
Kharghar,794.59,4.0,4.0,31.0,38.0,10.0,0,0,8861857.0,11152.741665513031
Ghansoli,952.15,3.0,4.0,30.0,10.0,9.9,0,0,14259865.0,14976.490048836844
Airoli,1925.9,4.0,2.0,30.0,5.0,12.1,0,0,36024231.0,18705.14097305156
Panvel,689.39,1.0,3.0,19.0,6.0,8.4,0,1,9460113.0,13722.440128229304
Panvel,4705.44,2.0,3.0,32.0,3.0,9.9,0,0,81729096.0,17369.065592165665
Panvel,277.37,4.0,3.0,3.0,18.0,8.7,1,0,5327003.0,19205.40433356167
Airoli,1075.15,3.0,1.0,22.0,2.0,8.4,0,0,19155035.0,17816.151234711433
Airoli,1257.33,2.0,2.0,18.0,34.0,4.3,0,0,22628336.0,17997.13360851964
Vashi,889.16,4.0,3.0,12.0,17.0,17.3,0,0,16013631.0,18009.841873228666
Belapur,761.16,2.0,1.0,13.0,11.0,3.9,0,1,11200907.0,14715.574911976457
Kharghar,1195.27,2.0,4.0,22.0,22.0,10.3,1,1,14458629.0,12096.538020698252
Panvel,1093.34,2.0,4.0,19.0,14.0,0.8,0,1,14605471.0,13358.58104523753
Airoli,1579.66,1.0,3.0,26.0,37.0,5.9,1,0,26383093.0,16701.754174949037
Belapur,1461.17,2.0,2.0,31.0,21.0,6.4,0,1,17364266.0,11883.809549881258
Nerul,875.21,4.0,3.0,19.0,12.0,8.3,0,1,18846356.0,21533.52452554244
Nerul,1251.98,2.0,3.0,7.0,6.0,3.7,1,0,24461920.0,19538.586878384638
Cbd Belapur,670.95,2.0,3.0,21.0,30.0,2.3,0,0,8167802.0,12173.488337431998
Ulwe,1143.55,2.0,2.0,17.0,10.0,1.4,1,0,12878418.0,11261.788290848674
Panvel,2007.74,2.0,3.0,29.0,37.0,1.0,0,0,22317934.0,11115.948280155797
Airoli,581.42,1.0,3.0,19.0,22.0,4.6,0,1,5521254.0,9496.154243060095
Nerul,1459.2,1.0,2.0,14.0,34.0,14.1,0,1,22172149.0,15194.72930372807
Panvel,122.82,4.0,1.0,33.0,7.0,1.2,0,1,824504.0,6713.10861423221
Ghansoli,1294.47,2.0,4.0,12.0,34.0,1.5,1,1,12020362.0,9285.933239086267
Panvel,1305.66,3.0,3.0,33.0,31.0,1.3,1,1,26738352.0,20478.801525665178
Belapur,918.89,2.0,1.0,8.0,34.0,5.3,0,0,15067913.0,16397.950788451282
Nerul,1124.27,2.0,3.0,14.0,6.0,11.7,0,0,12873786.0,11450.795627384881
Airoli,855.72,4.0,2.0,29.0,32.0,14.2,0,0,12988255.0,15178.159912120787
Belapur,477.91,1.0,3.0,8.0,30.0,10.5,0,0,8456886.0,17695.561925885628
Kharghar,874.44,3.0,2.0,9.0,27.0,11.3,0,0,9121895.0,10431.699144595397
Kharghar,1558.04,3.0,2.0,18.0,14.0,8.8,1,0,23830947.0,15295.465456599317
Airoli,881.7,1.0,3.0,16.0,24.0,6.4,1,0,15413988.0,17482.123171146646
Ulwe,868.51,2.0,3.0,34.0,8.0,18.8,0,1,13893854.0,15997.344878009464
Belapur,1174.9,1.0,1.0,33.0,20.0,12.6,0,1,19758446.0,16817.129968507958
Belapur,779.67,2.0,1.0,28.0,11.0,1.9,0,1,13419723.0,17212.055100234717
Kharghar,1228.72,2.0,3.0,17.0,6.0,17.9,0,0,16873551.0,13732.62500813855
Nerul,63.69,2.0,3.0,10.0,7.0,22.3,1,0,826945.0,12983.906421730257
Belapur,535.45,1.0,1.0,15.0,27.0,3.0,0,0,9638370.0,18000.50424876272
Nerul,961.52,3.0,3.0,5.0,5.0,8.7,0,0,10800945.0,11233.198477410766
Nerul,1045.79,4.0,4.0,32.0,24.0,3.3,1,0,15803253.0,15111.306285200662
Kharghar,1553.91,2.0,3.0,5.0,28.0,10.4,0,1,26246899.0,16890.874632378967
Airoli,558.05,3.0,3.0,31.0,20.0,2.8,1,0,8543312.0,15309.223187886391
Belapur,1422.05,3.0,3.0,31.0,9.0,14.9,0,0,24458392.0,17199.38961358602
Cbd Belapur,1357.0,2.0,3.0,30.0,24.0,24.0,0,1,13829085.0,10190.924834193072
Panvel,531.79,2.0,4.0,16.0,13.0,7.8,0,0,9689561.0,18220.65288929841
Vashi,527.74,2.0,3.0,14.0,26.0,5.9,0,1,8240030.0,15613.806040853451
Kharghar,1589.42,4.0,4.0,34.0,30.0,12.8,1,1,21697111.0,13650.961356972983
Ulwe,836.15,3.0,4.0,25.0,22.0,3.8,0,0,11032304.0,13194.16851043473
Cbd Belapur,1278.94,4.0,1.0,19.0,17.0,3.0,1,0,17663058.0,13810.701049306457
Panvel,2007.43,2.0,3.0,3.0,31.0,6.8,1,0,37229194.0,18545.699725519695
Nerul,1640.79,1.0,4.0,12.0,33.0,5.6,1,0,28396840.0,17306.809524680186
Nerul,1317.21,4.0,3.0,0.0,39.0,12.1,0,0,23629322.0,17938.917864273728
Panvel,1145.07,2.0,4.0,9.0,27.0,12.5,1,0,15044748.0,13138.71466373235
Nerul,643.76,2.0,3.0,18.0,22.0,12.4,1,0,10809590.0,16791.335280228657
Panvel,1389.86,2.0,3.0,33.0,1.0,6.9,0,1,18028803.0,12971.668369476063
Belapur,946.47,1.0,1.0,10.0,20.0,4.5,0,0,17769166.0,18774.146037381004
Nerul,876.84,2.0,2.0,11.0,9.0,16.2,1,0,7987349.0,9109.243419552027
Kharghar,999.63,3.0,1.0,6.0,5.0,0.4,1,0,17433573.0,17440.025809549534
Airoli,960.63,4.0,3.0,1.0,39.0,13.4,1,0,15070493.0,15688.134869825011
Panvel,877.03,2.0,3.0,33.0,8.0,8.2,0,0,14063637.0,16035.525580652886
Ulwe,1265.55,1.0,3.0,27.0,31.0,15.0,1,0,17556127.0,13872.32981707558
Panvel,1138.39,2.0,3.0,26.0,23.0,13.1,0,0,16115430.0,14156.334823742302
Ghansoli,767.45,4.0,1.0,3.0,20.0,5.8,1,1,8745115.0,11395.02899211675
Kharghar,1828.66,3.0,3.0,24.0,37.0,12.6,0,0,29966275.0,16387.012894687912
Nerul,1735.89,1.0,3.0,15.0,9.0,8.2,0,0,17306338.0,9969.720431594167
Airoli,482.53,2.0,3.0,15.0,17.0,14.9,0,0,6288204.0,13031.73688682569
Panvel,981.38,3.0,3.0,31.0,20.0,9.1,1,0,15144952.0,15432.301453055901
Kharghar,1056.02,2.0,3.0,22.0,5.0,7.7,1,0,15321051.0,14508.29624438931
Ulwe,615.94,3.0,4.0,19.0,9.0,1.2,0,1,6997419.0,11360.552975939214
Airoli,7357.02,4.0,2.0,5.0,34.0,12.0,0,0,105982175.0,14405.584734036334
Kharghar,394.16,2.0,2.0,16.0,32.0,14.2,0,1,5776653.0,14655.604323117515
Ulwe,1361.51,2.0,3.0,26.0,18.0,11.0,0,1,20204246.0,14839.586929218294
Nerul,648.29,2.0,3.0,8.0,14.0,7.6,0,1,12171003.0,18774.010088077866
Kharghar,885.46,2.0,1.0,20.0,24.0,4.6,0,1,11128948.0,12568.549680392112
Vashi,846.16,4.0,1.0,24.0,24.0,1.0,1,1,10422470.0,12317.374964545714
Vashi,1362.1,2.0,4.0,16.0,35.0,5.7,0,1,23077578.0,16942.64591439689
Belapur,883.27,2.0,3.0,0.0,32.0,22.8,0,0,10080388.0,11412.578260328099
Belapur,669.1,2.0,2.0,5.0,28.0,14.1,1,1,6201268.0,9268.073531609625
Vashi,951.22,1.0,3.0,7.0,21.0,11.5,0,0,17749031.0,18659.22814911377
Vashi,254.76,3.0,2.0,14.0,17.0,5.8,0,1,3175980.0,12466.556759302874
Kharghar,364.85,2.0,4.0,7.0,29.0,10.6,0,1,3436956.0,9420.189118815952
Panvel,1182.69,2.0,4.0,4.0,23.0,9.3,1,0,19788069.0,16731.408061284023
Ulwe,259.73,2.0,4.0,7.0,8.0,15.5,0,1,4479329.0,17246.0978708659
Ulwe,837.8,2.0,3.0,15.0,4.0,13.3,0,1,13230653.0,15792.137741704464
Kharghar,407.61,3.0,3.0,0.0,24.0,1.9,0,0,7707855.0,18909.877088393318
Cbd Belapur,735.87,3.0,3.0,31.0,36.0,7.5,1,0,13140599.0,17857.228858358132
Vashi,977.97,2.0,3.0,16.0,29.0,15.3,1,0,15758353.0,16113.329652238821
Nerul,565.98,4.0,1.0,30.0,20.0,7.3,0,0,9685385.0,17112.592317749743
Nerul,977.43,2.0,3.0,9.0,18.0,1.6,1,0,15111682.0,15460.628382595174
Cbd Belapur,764.24,1.0,1.0,24.0,4.0,10.8,1,0,10630873.0,13910.385481000732
Panvel,1304.75,3.0,2.0,33.0,20.0,5.5,0,1,16300610.0,12493.282237976624
Vashi,949.27,4.0,3.0,0.0,4.0,8.8,1,0,12081056.0,12726.680501859324
Panvel,102.39,1.0,4.0,11.0,11.0,0.1,0,0,820111.0,8009.67867955855
Kharghar,1074.34,1.0,3.0,16.0,16.0,1.5,0,0,12382782.0,11525.943369882905
Belapur,1199.42,1.0,4.0,4.0,22.0,10.0,1,1,20411572.0,17017.868636507643
Nerul,1497.37,2.0,3.0,14.0,36.0,15.1,0,0,19080915.0,12742.952643635175
Panvel,1326.31,2.0,1.0,15.0,32.0,2.1,0,1,13986799.0,10545.648453227375
Airoli,397.43,3.0,2.0,31.0,26.0,9.3,0,0,5545225.0,13952.708653096142
Airoli,524.64,2.0,4.0,26.0,11.0,2.8,0,1,5556647.0,10591.352165294298
Airoli,1005.95,2.0,4.0,9.0,29.0,14.0,0,0,13658154.0,13577.368656493862
Panvel,452.09,1.0,1.0,12.0,38.0,7.8,1,0,8429079.0,18644.69242849875
Kharghar,109.99,1.0,2.0,17.0,38.0,11.8,1,1,2098544.0,19079.407218838078
Kharghar,699.16,2.0,3.0,7.0,7.0,7.8,0,1,12902344.0,18454.064877853423
Panvel,1305.82,2.0,4.0,29.0,7.0,17.5,0,1,23140224.0,17720.837481429295
Ghansoli,578.48,1.0,4.0,29.0,27.0,25.6,0,0,9403706.0,16255.887844004978
Panvel,1689.34,3.0,3.0,1.0,12.0,1.6,1,1,32471130.0,19221.192891898612
Ghansoli,1206.05,3.0,3.0,5.0,8.0,13.8,1,0,17055571.0,14141.678205712866
Ghansoli,656.58,2.0,3.0,0.0,20.0,0.4,0,0,9330557.0,14210.845593834718
Belapur,136.06,2.0,4.0,18.0,15.0,9.0,0,1,2041349.0,15003.300014699396
Panvel,1166.66,2.0,1.0,17.0,20.0,16.1,0,1,15510673.0,13294.938542505955
Cbd Belapur,1336.72,4.0,3.0,24.0,35.0,12.3,1,0,28998176.0,21693.53043270094
Kharghar,874.35,3.0,1.0,9.0,18.0,13.5,1,1,15931046.0,18220.444901927145
Nerul,842.74,1.0,1.0,16.0,29.0,9.0,0,1,11080586.0,13148.285354913734
Ulwe,923.57,3.0,1.0,25.0,3.0,0.7,0,1,14575639.0,15781.845447556763
Ulwe,136.8,2.0,2.0,20.0,30.0,20.7,0,0,1950826.0,14260.423976608186
Nerul,765.53,2.0,2.0,31.0,23.0,12.5,0,0,11402078.0,14894.358157093779
Kharghar,669.3,3.0,3.0,10.0,6.0,2.3,0,1,11634681.0,17383.357238906323
Kharghar,771.8,4.0,4.0,12.0,19.0,16.7,1,1,11411305.0,14785.313552733869
Nerul,1108.82,1.0,3.0,23.0,9.0,13.1,1,0,12420274.0,11201.343770855505
Panvel,881.33,2.0,3.0,17.0,18.0,10.7,1,0,9815815.0,11137.502411128635
Kharghar,936.8,2.0,2.0,14.0,15.0,4.9,1,1,16875869.0,18014.37766865927
Ghansoli,802.92,3.0,3.0,12.0,26.0,5.2,0,0,9746500.0,12138.818313156979
Cbd Belapur,1979.34,2.0,2.0,18.0,23.0,8.4,1,1,18617730.0,9406.029282488102
Kharghar,420.37,2.0,3.0,13.0,13.0,7.4,0,1,5988631.0,14246.095106691724
Kharghar,7082.74,2.0,3.0,16.0,14.0,11.2,0,1,102414740.0,14459.762747185412
Cbd Belapur,1669.71,3.0,1.0,21.0,20.0,11.2,1,1,20031423.0,11996.947374094903
Nerul,164.39,1.0,2.0,18.0,17.0,3.9,0,0,1942123.0,11814.11886367784
Kharghar,1414.77,3.0,4.0,7.0,5.0,17.3,0,0,25471873.0,18004.250160803524
Panvel,875.66,3.0,3.0,22.0,1.0,9.9,1,0,17889381.0,20429.597103898774
Ghansoli,871.14,2.0,2.0,1.0,20.0,1.0,0,1,11700795.0,13431.58964115986
Vashi,1115.52,4.0,3.0,24.0,10.0,15.3,0,1,19445709.0,17431.968050774525
Nerul,1121.32,2.0,4.0,34.0,35.0,6.9,0,1,13394930.0,11945.680091320944
Panvel,1415.83,2.0,2.0,24.0,2.0,7.5,0,1,17343822.0,12249.932548399172
Cbd Belapur,1120.35,1.0,3.0,0.0,16.0,8.1,0,1,18562820.0,16568.76868835632
Ulwe,912.22,2.0,2.0,33.0,35.0,10.5,1,0,14843842.0,16272.217228300191
Belapur,848.57,2.0,4.0,9.0,3.0,5.2,0,1,12047445.0,14197.34965883781
Belapur,880.95,2.0,4.0,3.0,13.0,11.8,0,1,14239960.0,16164.322606277314
Kharghar,939.36,2.0,2.0,21.0,18.0,15.2,0,0,16973075.0,18068.764903764266
Ulwe,1218.09,2.0,1.0,11.0,21.0,12.1,0,1,15183252.0,12464.803093367485
Nerul,585.47,4.0,4.0,25.0,1.0,0.7,1,0,11052011.0,18877.160230242367
Panvel,816.09,3.0,4.0,11.0,5.0,5.6,0,0,10151582.0,12439.29223492507
Panvel,359.41,4.0,2.0,25.0,14.0,10.7,0,1,6216951.0,17297.65727163963
Vashi,987.76,2.0,3.0,25.0,38.0,10.2,0,0,13898522.0,14070.747954968818
Ghansoli,1190.85,2.0,3.0,16.0,23.0,8.4,1,0,16316427.0,13701.496410127222
Ulwe,619.88,2.0,2.0,1.0,14.0,5.0,0,0,9530411.0,15374.606375427502
Airoli,631.57,2.0,3.0,20.0,20.0,8.6,0,0,7712264.0,12211.257659483508
Belapur,906.8,2.0,3.0,3.0,8.0,4.4,0,0,14652278.0,16158.22452580503
Nerul,81.1,2.0,4.0,30.0,11.0,1.1,0,1,1239273.0,15280.801479654749
Panvel,656.74,2.0,1.0,14.0,28.0,19.4,1,0,11354182.0,17288.701769345556
Panvel,1597.84,1.0,3.0,27.0,8.0,13.6,1,0,17543059.0,10979.233840684925
Panvel,1039.78,3.0,1.0,26.0,32.0,14.3,0,1,15429296.0,14839.000557810306
Cbd Belapur,1033.78,1.0,3.0,10.0,16.0,5.6,0,1,16545580.0,16004.933351390046
Nerul,948.6,3.0,2.0,0.0,15.0,5.5,1,1,15078683.0,15895.723170988826
Cbd Belapur,1258.77,1.0,2.0,3.0,18.0,10.6,0,0,15384902.0,12222.170849321163
Nerul,963.85,2.0,4.0,26.0,34.0,16.2,0,1,8549710.0,8870.374020853867
Nerul,411.77,2.0,3.0,20.0,26.0,18.2,0,1,3483416.0,8459.61580493965
Kharghar,1471.31,2.0,1.0,15.0,4.0,11.5,1,0,15270943.0,10379.147154576534
Ulwe,1526.78,1.0,3.0,2.0,35.0,4.9,0,0,16503905.0,10809.615661719436
Nerul,756.55,2.0,3.0,28.0,10.0,13.1,0,0,9123487.0,12059.331174410152
Nerul,909.15,2.0,1.0,34.0,11.0,13.9,0,1,13407821.0,14747.644503107298
Belapur,2778.55,2.0,4.0,28.0,16.0,11.0,1,1,32389289.0,11656.903420849003
Kharghar,939.92,4.0,4.0,19.0,5.0,11.8,0,0,11886994.0,12646.814622521066
Kharghar,1655.97,2.0,3.0,19.0,36.0,24.8,1,1,29784238.0,17985.976799096603
Nerul,1747.74,1.0,1.0,24.0,17.0,6.3,0,0,21730868.0,12433.696087518738
Kharghar,1118.92,3.0,3.0,4.0,15.0,8.8,1,1,20732671.0,18529.180817216602
Kharghar,1383.08,2.0,4.0,31.0,20.0,5.2,0,0,21581302.0,15603.798767967146
Nerul,932.87,2.0,3.0,4.0,7.0,8.3,0,1,9716098.0,10415.275440307867
Panvel,74.16,3.0,2.0,10.0,35.0,1.7,1,0,1221705.0,16473.90776699029
Vashi,1198.63,2.0,3.0,18.0,31.0,5.8,0,1,23006520.0,19194.013165030075
Airoli,327.37,2.0,2.0,15.0,34.0,5.4,0,0,4345409.0,13273.693374469254
Airoli,1237.58,2.0,4.0,0.0,20.0,14.0,0,0,17717482.0,14316.231677952133
Kharghar,125.7,2.0,3.0,29.0,19.0,9.8,0,1,2044763.0,16267.008750994431
Panvel,847.08,3.0,1.0,34.0,20.0,14.5,0,0,8800312.0,10388.99749728479
Kharghar,861.58,2.0,4.0,0.0,27.0,8.4,1,0,14054526.0,16312.502611481232
Ulwe,858.41,2.0,4.0,16.0,16.0,8.5,0,1,8198075.0,9550.302303095257
Belapur,1566.13,2.0,1.0,12.0,21.0,4.7,1,1,16787632.0,10719.181677127695
Belapur,629.26,2.0,3.0,6.0,15.0,8.4,1,0,9028884.0,14348.41559927534
Nerul,749.3,3.0,4.0,26.0,30.0,13.5,1,1,14152260.0,18887.308154277325
Kharghar,816.94,2.0,1.0,31.0,11.0,14.6,1,0,8563880.0,10482.87511934781
Panvel,1134.02,1.0,4.0,28.0,26.0,9.4,0,0,14137503.0,12466.713990934904
Kharghar,1708.06,1.0,2.0,8.0,31.0,6.4,0,1,22838391.0,13370.953596477875
Ulwe,1161.11,2.0,2.0,1.0,10.0,13.0,0,0,14721206.0,12678.562754605508
Ghansoli,922.55,2.0,2.0,24.0,26.0,0.2,1,0,11628397.0,12604.625223565119
Kharghar,235.45,4.0,2.0,22.0,35.0,4.3,0,0,4920014.0,20896.21575706095
Kharghar,1082.95,2.0,4.0,13.0,26.0,5.7,1,1,17475406.0,16136.853963710235
Cbd Belapur,1398.74,3.0,2.0,23.0,21.0,15.9,0,1,18758043.0,13410.67174742983
Panvel,936.19,4.0,2.0,16.0,20.0,2.2,0,0,10845277.0,11584.482850703382
Kharghar,642.34,3.0,4.0,20.0,8.0,2.4,1,0,11990005.0,18666.134757293643
Kharghar,927.22,2.0,2.0,22.0,34.0,9.8,1,1,12776285.0,13779.130087789305
Airoli,620.21,2.0,2.0,0.0,2.0,3.5,1,1,5449498.0,8786.536818174489
Nerul,1575.16,4.0,3.0,18.0,11.0,6.4,1,0,19286161.0,12243.937758703876
Belapur,1043.55,2.0,4.0,17.0,21.0,15.0,1,1,12927783.0,12388.273681184419
Ghansoli,836.51,2.0,4.0,26.0,25.0,11.5,0,0,9190872.0,10987.16333337318
Cbd Belapur,905.51,1.0,3.0,22.0,14.0,2.6,0,1,15684609.0,17321.2984947709
Panvel,134.65,1.0,4.0,5.0,28.0,12.5,1,0,1921357.0,14269.268473821017
Panvel,1238.59,2.0,4.0,31.0,10.0,11.8,0,1,15927819.0,12859.637975439815
Ghansoli,493.33,1.0,3.0,0.0,38.0,5.7,1,0,9186220.0,18620.84203271644
Cbd Belapur,8.67,4.0,3.0,31.0,8.0,4.2,0,0,783750.0,90397.92387543252
Kharghar,1320.27,4.0,3.0,7.0,39.0,8.2,0,0,24155746.0,18296.065198785098
Ulwe,1000.34,2.0,2.0,16.0,13.0,14.2,1,0,18537344.0,18531.04344522862
Panvel,1103.23,1.0,2.0,26.0,35.0,3.2,0,1,19376929.0,17563.816248651685
Belapur,2246.06,4.0,4.0,6.0,31.0,13.4,0,0,44346106.0,19743.954302200298
Ghansoli,1251.49,2.0,1.0,5.0,27.0,13.6,0,0,13967281.0,11160.521458421561
Ghansoli,424.15,2.0,3.0,20.0,14.0,2.6,0,0,7822142.0,18441.92384769539
Panvel,14.73,2.0,1.0,18.0,24.0,0.3,1,0,441508.0,29973.387644263406
Airoli,572.98,3.0,1.0,23.0,6.0,17.7,1,0,7886312.0,13763.67761527453
Ulwe,896.37,2.0,4.0,16.0,38.0,1.6,0,0,12667773.0,14132.303624619297
Nerul,1086.24,3.0,3.0,18.0,37.0,16.6,1,0,19422583.0,17880.56322727942
Panvel,1232.59,2.0,3.0,33.0,39.0,14.7,1,1,15504816.0,12579.053862192619
Belapur,1171.3,3.0,4.0,0.0,30.0,0.9,0,1,13990020.0,11944.010928028687
Panvel,968.57,2.0,3.0,14.0,27.0,0.2,1,1,16041426.0,16561.968675470023
Airoli,592.26,2.0,2.0,7.0,16.0,3.9,0,1,10433864.0,17617.033059804817
Airoli,819.32,2.0,2.0,30.0,18.0,1.7,1,0,8857743.0,10811.090904652638
Ghansoli,1301.77,2.0,4.0,5.0,7.0,1.5,0,1,18691871.0,14358.812232575647
Kharghar,1089.03,2.0,3.0,21.0,37.0,4.8,1,1,9592394.0,8808.199957760577
Cbd Belapur,1214.9,1.0,3.0,6.0,35.0,2.4,1,0,12437275.0,10237.28290394271
Airoli,449.99,2.0,2.0,22.0,1.0,10.2,1,0,5780341.0,12845.487677503945
Cbd Belapur,1004.08,2.0,3.0,8.0,4.0,6.0,0,0,13237286.0,13183.497330889968
Kharghar,837.11,3.0,3.0,25.0,6.0,9.8,1,0,11415509.0,13636.808782597269
Nerul,627.79,3.0,3.0,1.0,35.0,6.7,1,0,11908624.0,18969.120247216426
Nerul,1807.2,1.0,3.0,8.0,34.0,5.2,0,0,31253420.0,17293.835768038956
Vashi,1070.56,2.0,3.0,18.0,21.0,7.8,0,1,18701726.0,17469.10588850695
Belapur,666.23,2.0,4.0,16.0,32.0,11.9,1,0,8266749.0,12408.250904342343
Kharghar,425.01,2.0,3.0,8.0,1.0,11.2,0,0,5943118.0,13983.478035810922
Nerul,1348.39,2.0,2.0,30.0,7.0,3.8,0,0,14518984.0,10767.644375885315
Airoli,1081.37,1.0,1.0,7.0,4.0,14.3,0,0,19009027.0,17578.65208023156
Airoli,836.13,2.0,2.0,3.0,26.0,5.4,0,0,11327917.0,13548.033200578857
Belapur,537.41,2.0,2.0,33.0,28.0,12.0,1,1,9434744.0,17555.951694237177
Panvel,819.93,2.0,3.0,30.0,3.0,2.4,0,0,7914673.0,9652.864268901005
Airoli,1526.51,1.0,3.0,28.0,16.0,0.6,0,0,21885999.0,14337.278498011805
Nerul,1525.72,2.0,1.0,5.0,31.0,10.5,0,0,18035083.0,11820.703012348267
Ghansoli,911.35,2.0,4.0,16.0,19.0,7.2,0,1,15670250.0,17194.54655181873
Panvel,605.77,2.0,3.0,25.0,9.0,6.1,0,1,9953953.0,16431.901546791687
Ulwe,4065.39,4.0,3.0,1.0,23.0,13.4,1,1,84066042.0,20678.46922435486
Airoli,1749.55,2.0,4.0,4.0,1.0,20.2,1,0,19422221.0,11101.266611414365
Belapur,1142.27,2.0,1.0,4.0,24.0,9.5,0,1,16366101.0,14327.699230479659
Vashi,1333.35,1.0,1.0,13.0,34.0,8.3,1,0,15541650.0,11656.091798852514
Panvel,1799.91,2.0,3.0,28.0,20.0,16.0,0,0,25056386.0,13920.910489968943
Cbd Belapur,1482.83,2.0,4.0,27.0,4.0,3.2,1,0,24871804.0,16773.19989479576
Belapur,1262.47,2.0,1.0,8.0,34.0,2.2,0,0,20791939.0,16469.253922865493
Nerul,1687.37,1.0,1.0,27.0,9.0,16.2,0,0,31920538.0,18917.331705553614
Cbd Belapur,1185.4,2.0,1.0,20.0,27.0,12.0,0,0,20649858.0,17420.160283448622
Belapur,791.12,2.0,2.0,33.0,1.0,17.6,1,1,10327600.0,13054.403883102437
Cbd Belapur,771.12,1.0,4.0,11.0,25.0,13.9,1,1,14703647.0,19067.910312273056
Nerul,997.84,2.0,2.0,32.0,38.0,13.9,1,0,9669891.0,9690.82317806462
Nerul,1139.26,4.0,2.0,32.0,21.0,3.8,0,0,12696327.0,11144.363007566315
Nerul,1085.48,2.0,4.0,10.0,28.0,15.2,1,1,16493928.0,15195.054722334819
Belapur,945.31,2.0,1.0,23.0,10.0,5.2,1,0,16274802.0,17216.36500195703
Cbd Belapur,667.92,2.0,3.0,23.0,27.0,3.8,0,0,10012877.0,14991.132171517547
Kharghar,1180.7,3.0,4.0,6.0,34.0,19.2,1,0,21282815.0,18025.59075124926
Kharghar,1154.21,1.0,1.0,24.0,10.0,9.2,1,0,15282177.0,13240.37826738635
Panvel,1173.49,2.0,3.0,18.0,38.0,7.1,0,1,18444581.0,15717.71468014214
Cbd Belapur,546.88,3.0,4.0,14.0,3.0,1.3,1,0,8055204.0,14729.381217086015
Cbd Belapur,1110.77,2.0,1.0,11.0,25.0,3.7,0,0,16842882.0,15163.248917417648
Panvel,1553.2,2.0,3.0,0.0,17.0,4.9,1,0,25001722.0,16096.910893638938
Panvel,1012.66,1.0,3.0,18.0,30.0,9.5,0,1,14418625.0,14238.367270357277
Kharghar,185.16,2.0,3.0,18.0,2.0,10.4,1,0,2188692.0,11820.54439403759
Belapur,1254.13,2.0,2.0,29.0,36.0,1.4,0,1,24774467.0,19754.30537504086
Panvel,1440.56,2.0,1.0,23.0,16.0,14.9,1,0,19373816.0,13448.80879657911
Vashi,1222.09,1.0,3.0,30.0,17.0,3.6,1,1,17479222.0,14302.728931584417
Nerul,1548.44,2.0,4.0,33.0,16.0,5.1,1,1,26352840.0,17018.961018831855
Ulwe,1309.16,2.0,3.0,16.0,32.0,6.8,0,0,13866046.0,10591.559473250023
Nerul,983.01,2.0,1.0,34.0,25.0,7.0,0,0,11104708.0,11296.637877539395
Airoli,1082.54,2.0,1.0,20.0,34.0,11.2,0,0,14128757.0,13051.487242965619
Kharghar,607.96,3.0,2.0,16.0,25.0,0.8,0,1,9067584.0,14914.77070859925
Kharghar,844.19,2.0,4.0,33.0,20.0,4.0,0,1,9315058.0,11034.31455004205
Nerul,988.8,2.0,1.0,13.0,14.0,11.6,1,1,13625999.0,13780.338794498382
Ghansoli,1452.48,1.0,4.0,24.0,14.0,15.1,0,0,17656346.0,12155.999394139679
Ghansoli,1273.71,1.0,1.0,32.0,38.0,8.7,0,0,14884164.0,11685.677273476695
Cbd Belapur,604.29,2.0,3.0,25.0,38.0,14.8,1,1,9986009.0,16525.193201939466
Belapur,1124.03,1.0,3.0,29.0,17.0,6.2,0,0,13581935.0,12083.249557396155
Ulwe,1651.28,2.0,4.0,30.0,4.0,5.8,1,1,16695439.0,10110.604500750933
Nerul,769.34,2.0,4.0,22.0,31.0,9.2,0,0,12644765.0,16435.860607793693
Airoli,192.9,2.0,4.0,9.0,35.0,9.9,0,1,2570829.0,13327.262830482116
Nerul,133.81,3.0,4.0,12.0,31.0,10.5,0,0,1950081.0,14573.507211718108
Airoli,130.21,1.0,1.0,25.0,32.0,15.6,0,0,1580396.0,12137.285922740188
Ulwe,1000.09,2.0,3.0,5.0,20.0,5.4,1,0,19923705.0,19921.912027917486
Airoli,1083.09,3.0,3.0,11.0,28.0,0.0,0,0,21870732.0,20192.903636816885
Cbd Belapur,1797.14,1.0,3.0,6.0,33.0,1.0,0,0,27736155.0,15433.49711207808
Nerul,886.26,1.0,2.0,5.0,11.0,5.8,0,1,9540554.0,10764.960621036716
Kharghar,1138.62,3.0,1.0,28.0,29.0,3.0,0,0,21492728.0,18876.12021569971
Airoli,1152.16,4.0,3.0,2.0,1.0,9.2,1,0,16536069.0,14352.233196778225
Vashi,1197.34,3.0,3.0,12.0,16.0,16.7,0,0,20332617.0,16981.48980239531
Panvel,894.62,2.0,3.0,12.0,10.0,0.7,0,0,8540920.0,9546.980841027475
Cbd Belapur,1158.27,4.0,2.0,11.0,28.0,13.1,0,1,19057807.0,16453.68264739655
Kharghar,1000.59,2.0,1.0,11.0,10.0,1.5,1,0,10014922.0,10009.016680158706
Airoli,1483.55,4.0,4.0,10.0,20.0,23.0,0,1,25016172.0,16862.372013076743
Kharghar,1401.07,4.0,1.0,33.0,18.0,3.7,0,0,27068477.0,19319.860535162414
Panvel,1296.87,3.0,4.0,25.0,30.0,5.0,0,1,14223228.0,10967.350621110829
Cbd Belapur,5897.93,2.0,4.0,15.0,14.0,2.5,0,1,78350830.0,13284.462514814519
Belapur,1461.17,2.0,2.0,31.0,21.0,6.4,0,1,17364266.0,11883.809549881258
Nerul,750.97,2.0,1.0,22.0,5.0,14.9,0,0,7025293.0,9354.958253991505
Ulwe,656.36,2.0,1.0,7.0,17.0,8.5,1,0,7259613.0,11060.413492595526
Belapur,3937.52,1.0,3.0,8.0,30.0,4.3,0,1,51537342.0,13088.782279201121
Airoli,787.02,2.0,4.0,26.0,19.0,4.4,1,0,11910325.0,15133.446418134228
Ulwe,617.82,4.0,3.0,8.0,6.0,11.1,0,1,12165470.0,19690.96176879997
Panvel,818.84,4.0,4.0,25.0,1.0,8.9,1,1,15836955.0,19340.71979873968
Nerul,688.25,2.0,1.0,0.0,14.0,3.4,0,0,11535015.0,16759.920087177623
Airoli,412.75,2.0,2.0,30.0,28.0,5.6,0,1,6892439.0,16698.82253179891
Belapur,623.04,1.0,3.0,21.0,28.0,9.9,1,0,8220114.0,13193.557395993837
Ulwe,1399.22,4.0,2.0,9.0,14.0,0.3,0,1,17121449.0,12236.423864724633
Airoli,713.73,3.0,3.0,0.0,8.0,4.6,1,0,8311631.0,11645.34347722528
Airoli,443.24,3.0,1.0,26.0,8.0,10.6,1,0,7278854.0,16421.924916523778
Ghansoli,1713.77,2.0,3.0,29.0,15.0,12.9,0,0,28453093.0,16602.63220852273
Nerul,658.17,2.0,2.0,6.0,6.0,2.7,0,0,8531466.0,12962.40484981084
Ulwe,513.61,2.0,3.0,8.0,4.0,5.5,0,0,6791715.0,13223.4866922373
Airoli,1265.17,4.0,4.0,13.0,15.0,10.8,1,1,19670019.0,15547.332769509236
Ulwe,1338.73,2.0,2.0,27.0,33.0,7.8,1,1,23672428.0,17682.750069095335
Cbd Belapur,4394.75,4.0,2.0,3.0,10.0,0.4,1,1,88608619.0,20162.379885090166
Airoli,764.19,3.0,3.0,16.0,15.0,4.3,1,0,13242338.0,17328.593674348
Panvel,1561.57,2.0,3.0,32.0,3.0,10.2,0,0,26655042.0,17069.386578891757
Kharghar,1039.69,4.0,3.0,20.0,32.0,5.9,0,0,11809091.0,11358.280833710047
Panvel,1049.82,1.0,3.0,14.0,37.0,1.1,1,0,15218591.0,14496.381284410661
Panvel,909.95,3.0,2.0,11.0,24.0,8.3,0,1,13259234.0,14571.387438870266
Kharghar,836.86,2.0,3.0,18.0,12.0,15.7,0,0,8838223.0,10561.172717061396
Kharghar,739.3,3.0,4.0,14.0,38.0,12.0,1,0,8319929.0,11253.792776951172
Nerul,1691.36,2.0,4.0,16.0,24.0,10.7,1,0,29933047.0,17697.620258253715
Cbd Belapur,482.03,2.0,1.0,18.0,24.0,9.2,1,0,5511956.0,11434.881646370559
Ulwe,1017.22,4.0,1.0,12.0,1.0,2.0,0,0,16524424.0,16244.690430781935
Airoli,1075.06,2.0,2.0,6.0,25.0,18.7,0,0,15001569.0,13954.169069633324
Ghansoli,1809.39,2.0,4.0,21.0,5.0,17.7,1,1,22906453.0,12659.76544581323
Nerul,556.15,1.0,4.0,16.0,20.0,11.4,0,0,6675945.0,12003.856873145734
Nerul,261.96,2.0,4.0,22.0,20.0,4.4,1,0,3755642.0,14336.700259581618
Ghansoli,686.16,1.0,1.0,11.0,36.0,3.8,1,0,9280413.0,13525.14428121721
Kharghar,792.58,4.0,3.0,34.0,12.0,12.1,1,0,14531704.0,18334.68419591713
Nerul,3927.95,1.0,4.0,8.0,15.0,14.1,1,1,60929562.0,15511.796738756859
Ghansoli,723.44,3.0,2.0,25.0,36.0,13.0,0,1,8375039.0,11576.687769545504
Vashi,282.35,3.0,2.0,4.0,3.0,3.4,1,0,3428709.0,12143.470869488223
Nerul,1049.82,2.0,3.0,30.0,14.0,0.9,0,1,15939140.0,15182.736088091293
Nerul,899.93,4.0,4.0,20.0,15.0,13.1,0,1,10648372.0,11832.444745702443
Cbd Belapur,484.72,2.0,1.0,9.0,21.0,8.1,0,1,10145898.0,20931.461462287505
Ulwe,494.88,2.0,2.0,16.0,6.0,11.1,0,1,9124729.0,18438.265842224377
Kharghar,737.6,2.0,1.0,16.0,25.0,4.3,0,0,12717236.0,17241.37201735358
Ulwe,100.44,3.0,2.0,15.0,37.0,4.8,0,0,689971.0,6869.4842692154525
Cbd Belapur,5142.61,2.0,1.0,20.0,28.0,3.2,0,1,61977828.0,12051.823490406623
Nerul,619.11,2.0,4.0,3.0,14.0,11.1,1,0,11699533.0,18897.341344833712
Ghansoli,388.96,2.0,3.0,3.0,20.0,18.5,0,1,6440657.0,16558.661559029206
Airoli,782.23,3.0,2.0,23.0,34.0,12.5,1,0,8798530.0,11248.008897638801
Cbd Belapur,920.23,3.0,3.0,7.0,27.0,11.7,0,1,11819900.0,12844.506264738164
Panvel,1111.72,3.0,3.0,9.0,7.0,15.4,0,0,20379036.0,18331.08696434354
Airoli,1172.49,3.0,4.0,31.0,37.0,10.7,0,0,12644383.0,10784.213937858745
Nerul,602.81,4.0,3.0,10.0,26.0,6.7,1,0,6840628.0,11347.900665217898
Ulwe,1291.76,2.0,3.0,25.0,17.0,10.0,0,0,22639707.0,17526.248683966063
Nerul,684.89,2.0,4.0,23.0,12.0,2.5,1,0,7871862.0,11493.615033071004
Nerul,349.69,3.0,3.0,29.0,27.0,9.0,1,0,3321441.0,9498.244159112357
Ulwe,703.62,2.0,2.0,9.0,35.0,1.9,0,0,10490332.0,14909.087291435719
Kharghar,589.73,4.0,3.0,11.0,37.0,2.2,0,0,12678311.0,21498.50100893629
Ghansoli,1523.72,2.0,3.0,31.0,39.0,9.7,0,0,20721869.0,13599.525503373323
Belapur,1153.61,4.0,1.0,7.0,28.0,14.9,0,1,16243063.0,14080.203014883715
Nerul,666.95,2.0,3.0,29.0,29.0,3.7,0,0,11006576.0,16502.85028862733
Ulwe,1017.22,4.0,1.0,12.0,1.0,2.0,0,0,16524424.0,16244.690430781935
Nerul,1299.13,2.0,3.0,26.0,35.0,2.2,1,0,12745896.0,9811.101275468967
Vashi,1503.81,1.0,4.0,24.0,22.0,10.7,0,0,25358242.0,16862.66350137318
Vashi,1298.88,3.0,2.0,8.0,39.0,6.1,0,0,23084382.0,17772.528640059125
Ghansoli,1503.28,1.0,3.0,10.0,8.0,15.6,0,0,16236948.0,10801.013783194083
Airoli,855.3,1.0,3.0,1.0,4.0,12.0,1,0,10263524.0,11999.911142289257
Vashi,783.0,2.0,2.0,28.0,30.0,3.2,0,1,9503578.0,12137.392081736909
Vashi,1079.3,3.0,3.0,18.0,2.0,15.5,0,0,16795400.0,15561.382377466878
Kharghar,1227.87,2.0,1.0,13.0,13.0,5.4,0,1,13374048.0,10892.071636248138
Airoli,1073.81,3.0,2.0,2.0,18.0,12.2,1,0,13386398.0,12466.263119173784
Vashi,1447.54,1.0,3.0,32.0,7.0,7.4,1,1,27685265.0,19125.734003896265
Panvel,1008.13,2.0,2.0,8.0,20.0,8.3,1,0,12540598.0,12439.465148343963
Ghansoli,451.76,2.0,1.0,8.0,4.0,3.8,0,1,4967390.0,10995.639277492473
Ghansoli,925.56,2.0,3.0,32.0,2.0,8.4,0,1,8743928.0,9447.175763861878
Panvel,203.38,2.0,1.0,7.0,2.0,14.0,0,1,3802472.0,18696.390992231292
Kharghar,1384.39,3.0,3.0,12.0,2.0,6.0,0,0,14652894.0,10584.368566661127
Belapur,1420.87,2.0,2.0,28.0,1.0,8.8,1,0,20758283.0,14609.558228409356
Ulwe,812.72,3.0,3.0,31.0,21.0,4.5,0,0,13756307.0,16926.25627522394
Nerul,949.08,4.0,3.0,31.0,10.0,7.9,0,1,19697930.0,20754.762506848736
Kharghar,1103.59,4.0,3.0,4.0,20.0,6.3,0,0,14646664.0,13271.834648737304
Nerul,1042.03,2.0,1.0,19.0,35.0,11.0,0,0,16003508.0,15358.010805830927
Kharghar,1846.37,3.0,4.0,20.0,10.0,10.9,0,0,30554854.0,16548.60835043897
Kharghar,546.02,1.0,2.0,9.0,21.0,3.6,0,1,7377967.0,13512.265118493828
Nerul,1313.21,1.0,3.0,16.0,23.0,3.8,0,0,14004345.0,10664.208313978723
Ulwe,596.07,2.0,3.0,23.0,19.0,9.7,0,0,10707906.0,17964.175348532888
Airoli,698.61,4.0,2.0,24.0,7.0,6.2,1,0,11424626.0,16353.36740098195
Vashi,408.39,2.0,1.0,6.0,8.0,4.7,0,0,6053108.0,14821.881045079459
Ulwe,721.6,1.0,2.0,20.0,2.0,6.4,0,0,13345610.0,18494.47062084257
Belapur,1769.48,1.0,4.0,10.0,28.0,1.8,0,1,25588839.0,14461.219680358072
Ghansoli,1381.16,4.0,1.0,24.0,28.0,4.7,1,1,24343238.0,17625.21214051956
Vashi,1355.86,2.0,2.0,12.0,5.0,3.1,1,0,21633756.0,15955.744693404926
Ghansoli,627.93,4.0,3.0,3.0,20.0,14.5,1,0,9934222.0,15820.58828213336
Vashi,1197.49,1.0,1.0,14.0,3.0,12.4,0,0,20795845.0,17366.19512480271
Ulwe,856.56,2.0,2.0,29.0,25.0,9.2,1,1,9451054.0,11033.732604837956
Ghansoli,1390.24,3.0,2.0,14.0,28.0,9.5,1,1,15950407.0,11473.131977212568
Kharghar,1382.94,1.0,4.0,2.0,32.0,0.4,1,0,21602398.0,15620.632854643007
Vashi,1825.4,2.0,3.0,22.0,22.0,6.6,1,1,17323272.0,9490.123808480332
Airoli,730.26,2.0,3.0,23.0,16.0,15.9,1,0,8541162.0,11696.056199161943
Panvel,958.35,2.0,3.0,30.0,24.0,9.4,0,0,18519314.0,19324.16549277404
Nerul,500.02,2.0,3.0,29.0,39.0,6.0,0,1,10113992.0,20227.17491300348
Nerul,789.52,2.0,3.0,17.0,15.0,12.3,0,0,8154436.0,10328.346337014895
Belapur,1212.62,3.0,3.0,32.0,26.0,2.2,0,1,17028146.0,14042.441985123123
Nerul,398.48,2.0,4.0,24.0,21.0,6.8,0,0,5198873.0,13046.760188717124
Vashi,238.56,2.0,3.0,1.0,37.0,9.9,1,0,3405204.0,14273.993963782696
Cbd Belapur,961.71,2.0,1.0,4.0,7.0,10.6,0,0,17520168.0,18217.72467791746
Kharghar,1024.28,2.0,3.0,3.0,17.0,9.2,1,1,14561231.0,14216.0649431796
Belapur,604.24,2.0,1.0,29.0,18.0,7.2,0,1,9442314.0,15626.760889712697
Kharghar,969.41,2.0,4.0,4.0,10.0,3.0,1,1,12500385.0,12894.83809739945
Panvel,1323.1,2.0,2.0,12.0,38.0,5.4,0,0,13365312.0,10101.513113143375
Nerul,594.46,3.0,1.0,25.0,31.0,7.0,0,0,9961666.0,16757.504289607376
Ghansoli,999.14,3.0,3.0,8.0,23.0,1.9,1,1,20304843.0,20322.320195368018
Kharghar,656.81,2.0,1.0,20.0,3.0,14.6,0,1,8580878.0,13064.475266819934
Belapur,742.34,2.0,3.0,31.0,14.0,21.0,1,0,8201396.0,11048.031899129779
Panvel,650.48,4.0,3.0,16.0,12.0,10.5,1,0,13454840.0,20684.479153855613
Vashi,1178.38,4.0,2.0,16.0,1.0,3.1,0,0,23542636.0,19978.814983282133
Airoli,1210.61,4.0,3.0,23.0,12.0,1.2,0,0,19536797.0,16137.977548508605
Kharghar,615.7,2.0,4.0,5.0,9.0,21.3,0,0,6342681.0,10301.577066753289
Nerul,558.11,2.0,3.0,34.0,6.0,1.1,1,0,4757711.0,8524.683306158284
Kharghar,1233.24,4.0,3.0,5.0,38.0,13.7,0,1,13265353.0,10756.505627452889
Nerul,1108.96,4.0,1.0,0.0,9.0,3.5,0,0,14087240.0,12703.109219448852
Airoli,1021.65,2.0,2.0,28.0,5.0,2.8,0,1,16411688.0,16063.904468262126
Ulwe,643.68,2.0,3.0,11.0,13.0,7.8,1,0,10370490.0,16111.250932140196
Belapur,1798.86,4.0,4.0,12.0,5.0,14.2,0,0,27214214.0,15128.589217615601
Ulwe,798.86,2.0,4.0,18.0,36.0,5.1,0,0,11027943.0,13804.600305435244
Kharghar,448.96,2.0,3.0,6.0,7.0,5.0,0,1,5195260.0,11571.765858873843
Nerul,1737.02,2.0,3.0,9.0,18.0,6.2,1,0,19269176.0,11093.237844123845
Nerul,419.38,2.0,3.0,23.0,25.0,13.6,0,1,4512510.0,10759.955171920454
Kharghar,980.74,1.0,2.0,33.0,19.0,6.7,0,1,17670913.0,18017.938495421826
Belapur,1257.99,3.0,1.0,6.0,39.0,15.6,0,1,24488300.0,19466.211973068148
Vashi,725.38,3.0,1.0,14.0,19.0,4.7,1,0,11018563.0,15190.056246381208
Panvel,1328.72,2.0,2.0,20.0,36.0,8.3,1,1,14210461.0,10694.84993076043
Kharghar,1170.32,2.0,2.0,0.0,24.0,10.7,0,1,20073861.0,17152.454884134255
Airoli,829.67,3.0,4.0,8.0,25.0,1.8,0,0,11876738.0,14315.014403316982
Airoli,1167.13,2.0,3.0,32.0,19.0,16.8,1,0,11889503.0,10186.956894261992
Cbd Belapur,548.5,4.0,2.0,21.0,39.0,11.1,0,1,10420091.0,18997.431175934365
Cbd Belapur,1560.47,2.0,2.0,16.0,29.0,3.7,1,1,17046971.0,10924.25423109704
Nerul,1092.17,2.0,4.0,6.0,8.0,16.2,0,1,14216194.0,13016.46630103372
Airoli,1178.41,2.0,3.0,29.0,12.0,11.8,1,1,14621186.0,12407.55424682411
Nerul,604.23,2.0,3.0,24.0,34.0,17.5,0,1,7561941.0,12515.004220247256
Panvel,740.14,1.0,3.0,29.0,33.0,11.0,0,1,7598718.0,10266.595508957766
Kharghar,786.76,1.0,4.0,19.0,11.0,2.0,0,0,10348306.0,13153.065737963292
Airoli,3448.69,2.0,3.0,20.0,15.0,6.0,0,0,50284109.0,14580.640475078942
Vashi,1132.93,1.0,3.0,28.0,25.0,20.6,0,0,21612480.0,19076.624328069694
Belapur,882.41,4.0,3.0,15.0,25.0,2.3,0,0,15679936.0,17769.445042553914
Cbd Belapur,983.53,4.0,3.0,9.0,1.0,16.5,0,0,12649800.0,12861.631063617786
Airoli,743.83,2.0,3.0,4.0,39.0,4.4,0,0,7822011.0,10515.858462283048
Vashi,348.11,2.0,4.0,33.0,27.0,12.6,1,1,3679048.0,10568.63635057884
Panvel,2780.69,2.0,1.0,27.0,30.0,3.2,0,1,31195275.0,11218.53748530041
Ghansoli,611.47,2.0,3.0,27.0,6.0,11.3,0,1,10121242.0,16552.31164243544
Panvel,1555.38,4.0,4.0,7.0,36.0,11.8,1,0,33663371.0,21643.181087579884
Nerul,101.16,2.0,3.0,34.0,14.0,7.5,1,1,2206525.0,21812.228153420325
Ulwe,1239.65,2.0,3.0,10.0,24.0,20.7,0,1,15321978.0,12359.922558786753
Vashi,805.74,2.0,1.0,3.0,16.0,11.2,1,0,9428058.0,11701.116985628118
Ghansoli,656.1,1.0,4.0,27.0,9.0,6.8,0,1,11231959.0,17119.279073311995
Cbd Belapur,1515.67,1.0,3.0,23.0,17.0,11.9,0,1,15997919.0,10555.014613999088
Kharghar,872.02,2.0,1.0,6.0,17.0,5.8,0,0,14348386.0,16454.193711153413
Nerul,511.51,4.0,4.0,0.0,36.0,7.6,0,0,6747153.0,13190.657074152998
Vashi,1373.18,3.0,3.0,0.0,21.0,8.5,1,0,20319877.0,14797.679109803521
Kharghar,1037.64,2.0,2.0,4.0,38.0,8.5,0,1,9901985.0,9542.794225357542
Vashi,1235.31,4.0,1.0,9.0,26.0,1.8,1,1,20235391.0,16380.820198978396
Vashi,1044.42,2.0,3.0,26.0,25.0,5.7,0,1,12603544.0,12067.505409701078
Kharghar,644.53,2.0,4.0,11.0,35.0,7.5,1,0,9142142.0,14184.199339053264
Airoli,686.38,2.0,3.0,16.0,39.0,4.6,1,0,6857454.0,9990.754392610508
Panvel,1954.62,2.0,2.0,4.0,5.0,7.8,0,1,22523824.0,11523.377433976937
Panvel,2083.4,3.0,2.0,32.0,2.0,5.7,1,1,25833603.0,12399.732648555246
Nerul,179.42,3.0,2.0,12.0,39.0,12.6,0,0,3101299.0,17285.1354364062
Kharghar,498.77,2.0,3.0,2.0,9.0,9.9,0,1,4547261.0,9116.949696252783
Nerul,1121.27,2.0,2.0,1.0,10.0,6.3,1,0,11122091.0,9919.19073907266
Belapur,1080.17,2.0,3.0,12.0,6.0,2.9,0,1,14998430.0,13885.24954405325
Kharghar,644.0,3.0,1.0,32.0,24.0,20.2,1,1,11734700.0,18221.583850931678
Airoli,1213.81,2.0,2.0,31.0,19.0,18.6,1,1,20884979.0,17206.135227094852
Ghansoli,1711.77,1.0,3.0,15.0,35.0,4.4,1,1,24546940.0,14340.092418958155
Panvel,578.74,1.0,3.0,16.0,17.0,8.4,0,0,9015840.0,15578.39444310053
Ulwe,910.51,4.0,2.0,10.0,24.0,13.0,1,0,16383211.0,17993.44433339557
Kharghar,1681.07,2.0,4.0,25.0,35.0,13.5,1,1,18170145.0,10808.678401256344
Airoli,1488.47,3.0,4.0,33.0,36.0,1.5,0,0,20461326.0,13746.549141064314
Cbd Belapur,423.82,1.0,2.0,29.0,8.0,15.9,0,1,7873901.0,18578.408286536738
Kharghar,458.39,4.0,1.0,7.0,32.0,11.3,0,0,6297912.0,13739.200244333428
Nerul,1077.56,1.0,1.0,5.0,14.0,9.7,0,0,17898476.0,16610.18968781321
Ghansoli,939.3,2.0,3.0,2.0,25.0,16.7,1,0,17619381.0,18757.991057170235
Kharghar,708.04,2.0,3.0,16.0,2.0,11.0,0,1,13022649.0,18392.532907745324
Belapur,723.05,2.0,3.0,15.0,38.0,11.8,0,0,11197502.0,15486.483645667658
Cbd Belapur,575.4,2.0,4.0,2.0,18.0,4.0,1,0,6377049.0,11082.810218978102
Panvel,993.51,2.0,1.0,1.0,17.0,1.2,0,0,15921135.0,16025.138146571247
Belapur,699.03,1.0,2.0,0.0,6.0,15.4,0,0,12776701.0,18277.757750025034
Airoli,1003.04,1.0,3.0,12.0,14.0,18.3,0,0,18092214.0,18037.38036369437
Nerul,2837.13,2.0,2.0,18.0,20.0,10.8,0,0,43956251.0,15493.21003972324
Ghansoli,1459.78,2.0,2.0,0.0,39.0,7.4,1,0,24686720.0,16911.26060091247
Vashi,1068.96,1.0,1.0,34.0,22.0,7.4,1,0,13497333.0,12626.602492141894
Vashi,829.39,4.0,1.0,30.0,21.0,0.9,1,1,13153295.0,15858.998782237548
Kharghar,550.62,4.0,2.0,34.0,20.0,17.7,1,0,6001513.0,10899.555047037884
Belapur,1365.02,2.0,3.0,31.0,13.0,4.9,0,0,15652185.0,11466.63418851006
Panvel,967.11,1.0,1.0,2.0,27.0,11.0,0,0,13404516.0,13860.384030772095
Ulwe,394.05,4.0,1.0,23.0,19.0,7.3,0,0,5470237.0,13882.08856744068
Nerul,1182.03,4.0,3.0,25.0,12.0,8.5,1,1,19459248.0,16462.566939925382
Panvel,727.0,2.0,3.0,15.0,27.0,0.2,1,1,11633168.0,16001.60660247593
Panvel,1952.11,4.0,1.0,0.0,19.0,6.1,1,0,27151087.0,13908.584557222699
Nerul,418.33,2.0,3.0,4.0,25.0,7.6,1,0,8738722.0,20889.541749336648
Kharghar,496.24,4.0,2.0,3.0,7.0,15.4,1,0,8122461.0,16368.009430920521
Panvel,927.81,4.0,1.0,6.0,29.0,9.6,0,1,20037781.0,21596.85819294899
Ghansoli,780.04,1.0,3.0,3.0,33.0,14.3,1,1,14029231.0,17985.271268140095
Belapur,1184.84,4.0,2.0,20.0,5.0,1.2,1,0,12513789.0,10561.585530535769
Belapur,846.14,2.0,1.0,32.0,31.0,20.6,1,1,12066978.0,14261.20736521143
Vashi,1093.17,4.0,3.0,17.0,7.0,10.4,0,1,21612355.0,19770.35136346588
Vashi,629.09,3.0,4.0,18.0,28.0,7.0,0,0,10090981.0,16040.599914161725
Belapur,4235.61,2.0,3.0,18.0,20.0,1.7,0,0,62891366.0,14848.242874107862
Nerul,274.36,4.0,4.0,23.0,28.0,12.3,1,0,3939939.0,14360.47164309666
Kharghar,482.94,4.0,3.0,27.0,2.0,8.1,0,0,7657954.0,15856.947032757693
Airoli,1323.73,1.0,1.0,3.0,25.0,0.2,0,0,16997233.0,12840.40778708649
Belapur,1283.44,2.0,2.0,8.0,19.0,4.4,0,1,16808074.0,13096.112011469177
Ghansoli,1363.02,2.0,3.0,10.0,24.0,17.4,1,0,25421186.0,18650.633152851755
Ghansoli,1714.57,3.0,3.0,32.0,32.0,0.3,0,0,23092058.0,13468.133701161225
Panvel,1034.84,1.0,3.0,15.0,28.0,2.0,0,0,12958564.0,12522.287503382166
Belapur,1197.87,2.0,1.0,4.0,35.0,3.8,0,1,11232466.0,9377.03256613823
Vashi,1419.39,2.0,2.0,14.0,15.0,10.0,0,1,24764331.0,17447.1646270581
Belapur,1093.38,2.0,4.0,11.0,27.0,3.6,0,1,18535863.0,16952.809636174065
Panvel,83.73,2.0,4.0,15.0,23.0,11.9,0,1,2290711.0,27358.306461244476
Vashi,983.17,2.0,3.0,8.0,3.0,16.9,1,0,9835542.0,10003.907767730912
Panvel,1548.05,2.0,4.0,0.0,32.0,9.3,1,1,15547679.0,10043.395885145828
Ulwe,1424.58,2.0,3.0,0.0,26.0,3.3,0,0,23569276.0,16544.719145291947
Panvel,8084.51,2.0,3.0,0.0,26.0,4.7,0,0,110840830.0,13710.27186557998
Vashi,697.44,1.0,3.0,11.0,8.0,8.3,0,1,7002097.0,10039.712376691901
Cbd Belapur,865.16,2.0,4.0,5.0,37.0,11.3,0,0,11520142.0,13315.620232095798
Ulwe,1309.25,2.0,2.0,0.0,37.0,5.8,0,0,19797083.0,15120.93412258927
Kharghar,699.47,3.0,4.0,14.0,11.0,11.0,1,0,7685783.0,10988.009492901769
Nerul,931.63,2.0,1.0,9.0,35.0,7.9,0,0,11593322.0,12444.126960273928
Belapur,468.43,4.0,3.0,14.0,31.0,9.4,1,0,6776487.0,14466.381316311936
Kharghar,1096.7,3.0,4.0,25.0,2.0,5.7,0,1,12656634.0,11540.65286769399
Kharghar,1415.9,2.0,3.0,13.0,30.0,3.6,1,1,23177388.0,16369.367893212797
Vashi,1057.52,4.0,3.0,34.0,2.0,4.9,0,0,15645716.0,14794.723504047204
Nerul,292.72,2.0,3.0,14.0,39.0,3.8,0,0,5137252.0,17550.0546597431
Panvel,1220.64,4.0,4.0,4.0,22.0,4.8,0,0,18005525.0,14750.888877965655
Airoli,582.15,2.0,3.0,25.0,15.0,1.7,0,1,8515817.0,14628.217813278365
Ulwe,659.89,2.0,3.0,18.0,35.0,9.4,1,0,7653096.0,11597.532922153692
Ghansoli,1052.8,2.0,3.0,31.0,37.0,0.1,0,1,16966460.0,16115.558510638299
Airoli,1842.6,2.0,1.0,16.0,18.0,0.1,1,1,18372861.0,9971.160859654836
Nerul,1604.03,3.0,3.0,10.0,8.0,15.9,1,1,23164298.0,14441.312194909073
Vashi,1156.67,1.0,2.0,2.0,21.0,3.2,1,0,21744586.0,18799.299713833676
Cbd Belapur,1043.51,2.0,3.0,5.0,3.0,1.3,0,0,19654020.0,18834.529616390835
Cbd Belapur,534.15,3.0,2.0,2.0,9.0,7.9,0,0,6145343.0,11504.901244968642
Belapur,961.39,2.0,3.0,10.0,39.0,8.1,1,0,14207840.0,14778.435390424282
Vashi,1085.74,2.0,3.0,21.0,35.0,5.9,0,1,14318239.0,13187.539374067455
Panvel,1668.35,2.0,3.0,5.0,34.0,4.3,0,0,28166003.0,16882.550424071687
Airoli,897.71,2.0,1.0,20.0,9.0,14.6,0,1,13303891.0,14819.809292533222
Kharghar,1437.39,2.0,3.0,23.0,37.0,5.9,1,0,23128404.0,16090.555799052448
Belapur,277.64,4.0,3.0,30.0,1.0,5.0,1,1,6403457.0,23063.884886903907
Panvel,937.52,2.0,3.0,28.0,9.0,8.1,1,1,13856282.0,14779.718832664903
Cbd Belapur,543.39,2.0,1.0,8.0,4.0,6.0,0,0,6487465.0,11938.87447321445
Belapur,586.95,1.0,3.0,16.0,5.0,6.3,1,0,7689898.0,13101.453275406762
Panvel,139.94,3.0,4.0,17.0,27.0,9.1,1,1,2377916.0,16992.396741460627
Ghansoli,782.98,1.0,4.0,3.0,14.0,1.1,1,0,13588388.0,17354.706378196122
Airoli,690.32,2.0,1.0,2.0,27.0,10.9,0,1,12770692.0,18499.66971839147
Nerul,1439.12,3.0,3.0,7.0,36.0,14.0,0,1,15849667.0,11013.44363221969
Panvel,4634.19,4.0,2.0,26.0,14.0,12.9,0,0,51815149.0,11181.058394239339
Kharghar,2018.09,2.0,4.0,8.0,6.0,8.4,0,0,23067130.0,11430.179030667612
Belapur,575.36,2.0,2.0,19.0,33.0,14.6,1,1,6465599.0,11237.484357619576
Belapur,1260.49,1.0,4.0,5.0,20.0,5.1,0,0,17262607.0,13695.155852089267
Nerul,1342.34,2.0,2.0,13.0,9.0,3.5,0,0,17719038.0,13200.111745161435
Ulwe,1151.83,2.0,2.0,0.0,21.0,11.8,1,1,15708630.0,13637.976090221648
Kharghar,878.83,1.0,4.0,0.0,30.0,2.5,1,1,14340446.0,16317.656429571134
Kharghar,908.48,2.0,4.0,21.0,15.0,0.9,1,0,16893129.0,18594.937698133144
Airoli,1224.42,1.0,3.0,20.0,27.0,2.4,0,0,17354868.0,14173.950115156564
Vashi,1371.76,2.0,4.0,27.0,21.0,2.1,1,0,22560518.0,16446.40316090278
Belapur,140.02,2.0,3.0,1.0,18.0,6.4,0,0,1372291.0,9800.678474503642
Airoli,618.84,3.0,4.0,16.0,30.0,6.2,1,0,11482040.0,18554.133540171933
Kharghar,1191.52,2.0,3.0,19.0,25.0,5.6,0,1,15691206.0,13169.066402578219
Kharghar,975.29,1.0,2.0,16.0,12.0,6.3,1,1,13202615.0,13537.11716515088
Kharghar,387.34,2.0,3.0,12.0,11.0,2.5,0,0,5316786.0,13726.405741725617
Airoli,1229.03,2.0,4.0,20.0,30.0,3.0,0,0,12448036.0,10128.341863095287
Airoli,1749.7,4.0,3.0,6.0,34.0,14.8,1,1,20496518.0,11714.30416642853
Belapur,39.43,1.0,4.0,8.0,18.0,6.8,1,0,1262787.0,32026.046157747907
Panvel,818.56,3.0,1.0,8.0,9.0,14.9,1,0,11252467.0,13746.661209929633
Vashi,1395.05,2.0,3.0,6.0,9.0,7.6,1,0,13586188.0,9738.853804523136
Vashi,1771.53,3.0,4.0,29.0,36.0,3.1,0,1,22846589.0,12896.529553549757
Nerul,1724.13,4.0,2.0,4.0,1.0,16.4,1,0,28643735.0,16613.44272183652
Ulwe,818.77,2.0,2.0,2.0,24.0,13.8,0,1,8325569.0,10168.385505086899
Airoli,1442.18,3.0,3.0,9.0,37.0,11.2,1,0,19998092.0,13866.571440458194
Kharghar,1033.55,2.0,3.0,34.0,17.0,3.8,0,0,15935413.0,15418.134584683858
Vashi,300.49,2.0,3.0,16.0,26.0,2.0,0,0,4491682.0,14947.858497786947
Panvel,1812.3,3.0,3.0,28.0,10.0,1.2,1,0,28426983.0,15685.583512663467
Cbd Belapur,697.99,3.0,1.0,29.0,3.0,12.4,0,1,7147122.0,10239.576498230634
Panvel,908.63,2.0,2.0,0.0,8.0,0.6,1,0,12005278.0,13212.50453980168
Vashi,415.29,3.0,3.0,31.0,18.0,7.0,0,0,7147217.0,17210.183245442942
Panvel,521.64,2.0,3.0,20.0,30.0,10.9,0,0,9047974.0,17345.245763361705
Ghansoli,1432.33,2.0,3.0,6.0,27.0,2.4,0,1,21778004.0,15204.599498718871
Kharghar,939.77,2.0,4.0,22.0,21.0,2.6,0,1,11029923.0,11736.832416442321
Nerul,1388.97,2.0,1.0,1.0,11.0,12.0,0,1,20392595.0,14681.810982238638
Belapur,892.54,4.0,1.0,30.0,34.0,7.0,1,0,19382457.0,21716.06538642526
Nerul,1328.15,2.0,1.0,10.0,20.0,15.6,1,0,15299529.0,11519.42852840417
Airoli,629.27,1.0,1.0,29.0,20.0,16.3,0,1,10000083.0,15891.561650801723
Belapur,1029.8,2.0,1.0,15.0,24.0,20.0,0,0,11933625.0,11588.293843464751
Airoli,503.14,4.0,4.0,27.0,35.0,1.9,0,0,10699137.0,21264.73148626625
Cbd Belapur,971.74,2.0,4.0,0.0,10.0,21.7,0,0,16516603.0,16996.93642332311
Belapur,1020.11,4.0,1.0,34.0,37.0,0.0,0,1,17885665.0,17533.0748644754
Nerul,925.26,2.0,2.0,30.0,32.0,13.1,1,1,12779946.0,13812.275468516958
Kharghar,1167.08,2.0,1.0,31.0,6.0,1.8,1,1,22026566.0,18873.227199506462
Airoli,602.62,4.0,3.0,0.0,37.0,3.9,0,0,11533528.0,19138.973150575817
Ulwe,847.9,1.0,4.0,5.0,9.0,9.5,1,1,8460770.0,9978.499823092347
Belapur,583.47,2.0,2.0,34.0,14.0,3.0,1,1,10696485.0,18332.536377191627
Nerul,72.25,1.0,4.0,12.0,6.0,17.6,0,0,1449768.0,20065.993079584776
Airoli,713.01,4.0,3.0,28.0,12.0,7.8,0,0,13140728.0,18429.935064024347
Airoli,1370.88,1.0,4.0,10.0,14.0,8.6,0,1,24638015.0,17972.408234126982
Nerul,1213.86,4.0,3.0,3.0,34.0,14.5,1,0,19263591.0,15869.697493944937
Kharghar,407.61,3.0,3.0,0.0,24.0,1.9,0,0,7707855.0,18909.877088393318
Belapur,1004.23,3.0,4.0,12.0,4.0,12.4,0,0,17200697.0,17128.24452565647
Ulwe,1557.71,1.0,3.0,24.0,6.0,11.1,1,0,26956671.0,17305.320630926166
Cbd Belapur,897.15,1.0,2.0,16.0,5.0,4.9,0,1,11426212.0,12736.122164632448
Kharghar,167.06,2.0,2.0,26.0,8.0,4.0,0,0,2583704.0,15465.724889261342
Ghansoli,816.06,3.0,3.0,23.0,10.0,19.9,0,0,12095223.0,14821.487390633043
Airoli,1017.88,1.0,1.0,6.0,30.0,3.8,1,1,15702368.0,15426.541439069439
Ghansoli,1109.26,2.0,3.0,7.0,39.0,7.7,0,1,12014217.0,10830.839478571299
Panvel,1150.33,2.0,3.0,16.0,2.0,2.7,1,0,16788503.0,14594.510270965724
Panvel,269.6,2.0,2.0,25.0,16.0,5.6,0,1,4121862.0,15288.805637982194
Panvel,1156.51,2.0,2.0,4.0,16.0,0.2,0,1,15387424.0,13305.050539986683
Kharghar,1632.93,1.0,3.0,18.0,23.0,3.4,0,0,21108639.0,12926.848670794216
Panvel,992.98,1.0,1.0,3.0,9.0,10.3,0,0,12044792.0,12129.944208342564
Kharghar,916.49,2.0,4.0,11.0,20.0,21.5,1,0,16777582.0,18306.344859191046
Nerul,919.68,2.0,2.0,8.0,31.0,13.8,0,0,13320655.0,14484.010742867085
Panvel,956.32,2.0,4.0,6.0,10.0,7.5,0,0,14627866.0,15295.995064413584
Panvel,658.13,2.0,3.0,10.0,27.0,1.9,0,1,5835196.0,8866.327321349885
Cbd Belapur,904.08,3.0,4.0,10.0,12.0,11.4,0,1,13724075.0,15180.155517210866
Panvel,1348.82,2.0,3.0,3.0,10.0,14.8,0,1,15975419.0,11843.996233745052
Panvel,1126.85,3.0,1.0,26.0,4.0,9.5,0,0,18169020.0,16123.72542929405
Kharghar,564.5,2.0,3.0,32.0,31.0,23.5,0,1,8765421.0,15527.76085031001
Vashi,947.84,1.0,4.0,9.0,4.0,14.2,1,0,12617269.0,13311.60216914247
Airoli,768.3,2.0,2.0,3.0,26.0,7.9,1,0,8579568.0,11166.950409996096
Kharghar,1614.44,1.0,4.0,30.0,4.0,16.5,0,0,20988776.0,13000.65409677659
Nerul,1221.49,2.0,3.0,15.0,6.0,2.4,1,0,11710488.0,9587.051879262213
Belapur,1373.0,3.0,1.0,6.0,33.0,10.2,0,0,15577033.0,11345.253459577567
Cbd Belapur,1052.78,2.0,3.0,4.0,17.0,8.7,1,0,14461791.0,13736.764566196167
Panvel,1218.68,3.0,1.0,14.0,5.0,4.6,1,0,19701814.0,16166.519512915613
Ulwe,828.9,2.0,4.0,11.0,36.0,10.1,0,1,9604957.0,11587.59440221981
Panvel,337.39,2.0,2.0,11.0,2.0,14.9,0,1,4968386.0,14725.943270399242
Vashi,730.73,3.0,2.0,4.0,15.0,7.2,1,0,11433181.0,15646.245535286631
Nerul,1866.76,4.0,4.0,16.0,15.0,19.2,1,0,34131825.0,18283.99205039748
Ghansoli,422.3,1.0,3.0,22.0,29.0,6.8,0,0,7357667.0,17422.84394979872
Cbd Belapur,866.97,4.0,3.0,19.0,34.0,15.9,1,0,13072748.0,15078.662468136152
Vashi,415.29,3.0,3.0,31.0,18.0,7.0,0,0,7147217.0,17210.183245442942
Ghansoli,1196.8,3.0,4.0,9.0,19.0,12.1,0,0,19469068.0,16267.603609625668
Nerul,1152.46,2.0,3.0,12.0,9.0,1.7,0,0,17149124.0,14880.450514551481
Cbd Belapur,1199.65,2.0,3.0,12.0,28.0,11.8,1,0,12610152.0,10511.525861709664
Kharghar,1235.08,1.0,1.0,30.0,18.0,3.3,0,1,22063098.0,17863.699517440167
Kharghar,796.08,3.0,4.0,32.0,25.0,9.7,0,1,13561257.0,17035.042960506482
Cbd Belapur,255.79,2.0,2.0,28.0,36.0,15.3,1,0,2525332.0,9872.676805191759
Belapur,817.69,3.0,1.0,9.0,16.0,4.9,0,0,16255538.0,19879.829764336115
Nerul,1011.53,4.0,1.0,34.0,20.0,12.6,0,0,16412597.0,16225.516791395214
Cbd Belapur,667.33,2.0,1.0,18.0,11.0,12.3,0,0,6264605.0,9387.56687096339
Cbd Belapur,1225.88,1.0,1.0,4.0,5.0,5.0,0,1,13893062.0,11333.133748817176
Vashi,697.66,2.0,1.0,2.0,17.0,10.6,0,0,9568495.0,13715.12627927644
Nerul,947.15,2.0,2.0,0.0,28.0,9.1,1,0,13073207.0,13802.678562001794
Kharghar,899.55,1.0,3.0,5.0,9.0,13.8,0,1,12518477.0,13916.377077427604
Airoli,928.7,2.0,1.0,21.0,29.0,2.1,1,0,12422844.0,13376.595240658986
Panvel,1197.88,3.0,2.0,24.0,15.0,4.8,1,0,20795194.0,17359.99766253715
Ulwe,947.52,2.0,2.0,4.0,30.0,10.4,1,0,11331173.0,11958.769208037826
Ghansoli,521.58,2.0,1.0,0.0,20.0,2.3,1,0,9017111.0,17288.068944361363
Ulwe,1040.14,4.0,1.0,8.0,8.0,4.8,1,1,20693934.0,19895.335243332625
Vashi,1081.8,4.0,4.0,31.0,8.0,1.1,0,0,14085805.0,13020.710852283231
Nerul,840.94,2.0,3.0,8.0,21.0,20.1,1,0,16511752.0,19634.875258639142
Ghansoli,594.74,4.0,3.0,33.0,19.0,6.2,0,1,9048559.0,15214.310454988734
Nerul,778.37,4.0,2.0,11.0,13.0,6.5,0,0,11832184.0,15201.233346608939
Belapur,638.53,4.0,3.0,31.0,5.0,19.1,1,0,9864072.0,15448.094842842154
Panvel,232.43,2.0,1.0,29.0,25.0,4.6,1,0,1840185.0,7917.157853977541
Panvel,342.33,4.0,3.0,2.0,26.0,8.0,1,0,5574371.0,16283.618146233168
Cbd Belapur,470.06,1.0,1.0,6.0,36.0,6.2,1,0,7590807.0,16148.59166914862
Kharghar,1038.23,4.0,3.0,23.0,33.0,8.5,0,0,20702980.0,19940.648989144986
Panvel,752.74,3.0,3.0,10.0,28.0,14.3,0,1,9104919.0,12095.702367351276
Ulwe,876.74,2.0,2.0,32.0,6.0,5.9,0,0,11968446.0,13651.07785660515
Belapur,247.8,2.0,4.0,13.0,12.0,10.7,0,1,4716255.0,19032.506053268764
Nerul,980.99,3.0,3.0,1.0,19.0,17.1,0,1,17000072.0,17329.50590729773
Belapur,1771.8,2.0,4.0,7.0,29.0,2.4,0,0,16392363.0,9251.813410091432
Panvel,858.56,3.0,4.0,34.0,6.0,2.0,0,0,13655228.0,15904.803391725682
Airoli,487.22,4.0,1.0,12.0,33.0,9.9,1,0,5883673.0,12076.008784532654
Vashi,822.74,2.0,4.0,26.0,33.0,11.6,0,0,11571300.0,14064.34596591876
Ghansoli,565.95,1.0,1.0,25.0,14.0,8.9,0,1,8575613.0,15152.598286067672
Cbd Belapur,961.7,2.0,1.0,14.0,14.0,6.4,0,0,14634228.0,15217.040657169595
Nerul,1303.24,2.0,4.0,16.0,27.0,7.5,0,1,17561010.0,13474.885669562014
Nerul,901.03,2.0,2.0,21.0,21.0,2.5,0,0,12894406.0,14310.739930967893
Belapur,620.59,2.0,1.0,31.0,21.0,7.8,0,0,9125178.0,14704.036481412848
Vashi,573.15,1.0,3.0,10.0,39.0,1.3,1,0,10375304.0,18102.248974962924
Panvel,687.22,2.0,3.0,0.0,30.0,5.7,0,0,6323513.0,9201.584645382847
Ghansoli,1427.32,2.0,4.0,1.0,14.0,2.0,0,0,14898048.0,10437.777092733235
Kharghar,645.03,2.0,3.0,27.0,22.0,3.4,1,0,7460324.0,11565.855851665814
Panvel,972.29,2.0,3.0,33.0,28.0,14.6,1,1,13630587.0,14019.055014450421
Vashi,4756.75,2.0,3.0,2.0,28.0,10.0,0,0,66069798.0,13889.693172859621
Panvel,973.88,2.0,1.0,7.0,35.0,8.6,1,1,17643264.0,18116.466094385345
Ulwe,948.9,4.0,3.0,14.0,20.0,8.1,1,1,19454550.0,20502.21308883971
Kharghar,1150.37,1.0,1.0,17.0,29.0,2.1,0,0,21995843.0,19120.668132861603
Nerul,976.01,3.0,3.0,23.0,39.0,12.9,1,0,15362826.0,15740.43913484493
Vashi,1326.47,4.0,1.0,8.0,20.0,9.2,1,0,22643845.0,17070.75546374965
Ghansoli,1096.91,1.0,2.0,10.0,33.0,19.0,0,0,10423907.0,9502.973808243156
Ghansoli,1619.03,2.0,2.0,18.0,17.0,10.5,1,0,23533099.0,14535.307560699926
Ghansoli,615.1,2.0,1.0,25.0,9.0,4.4,0,1,9837310.0,15993.02552430499
Kharghar,1276.92,2.0,1.0,32.0,33.0,13.7,1,0,16974038.0,13292.953356514112
Ghansoli,733.41,1.0,4.0,24.0,18.0,7.4,0,1,12215742.0,16656.08868163783
Kharghar,759.51,4.0,3.0,9.0,9.0,13.2,1,1,14594325.0,19215.448117865468
Panvel,1636.36,2.0,1.0,5.0,1.0,7.4,0,0,30987241.0,18936.68935930969
Vashi,1229.48,2.0,4.0,22.0,17.0,8.2,1,0,13180090.0,10720.052379867911
Ghansoli,2197.07,3.0,1.0,6.0,26.0,7.9,1,0,26024688.0,11845.179261470957
Airoli,960.15,2.0,4.0,23.0,16.0,3.7,0,0,16215457.0,16888.46221944488
Kharghar,447.96,2.0,3.0,29.0,32.0,5.9,0,0,8636409.0,19279.42003750335
Ulwe,859.68,2.0,1.0,30.0,23.0,16.6,1,0,12209499.0,14202.376465661642
Kharghar,1714.8,4.0,2.0,1.0,38.0,15.0,0,1,28035990.0,16349.422673198042
Panvel,1463.62,4.0,2.0,31.0,4.0,13.2,1,1,18685421.0,12766.579440018584
Panvel,1020.22,3.0,2.0,29.0,4.0,10.5,0,0,11812385.0,11578.272333418283
Kharghar,1148.69,2.0,3.0,15.0,15.0,7.2,0,1,17349709.0,15103.908800459654
Airoli,875.3,1.0,3.0,25.0,11.0,6.0,0,0,13849103.0,15822.121558322862
Kharghar,967.63,2.0,2.0,9.0,39.0,3.0,0,1,14953121.0,15453.345803664624
Cbd Belapur,924.09,3.0,3.0,14.0,15.0,8.6,0,0,11745112.0,12709.922193725719
Vashi,1370.64,2.0,2.0,20.0,39.0,2.9,0,0,18700624.0,13643.716803828867
Ulwe,1806.55,2.0,2.0,4.0,3.0,3.5,0,0,19994513.0,11067.788325814397
Ghansoli,1040.02,1.0,1.0,7.0,34.0,8.4,1,1,13174967.0,12667.993884732987
Cbd Belapur,979.33,2.0,3.0,7.0,20.0,13.8,1,1,14574302.0,14881.911102488435
Cbd Belapur,1664.7,4.0,2.0,24.0,20.0,6.4,1,0,27621352.0,16592.390220460144
Belapur,1542.67,2.0,1.0,6.0,14.0,19.8,0,0,23564861.0,15275.373864792859
Panvel,977.01,1.0,2.0,6.0,25.0,0.5,1,0,14763486.0,15110.88525194215
Ghansoli,94.4,2.0,1.0,24.0,8.0,6.8,0,0,1514137.0,16039.58686440678
Kharghar,939.86,1.0,4.0,15.0,15.0,4.5,1,1,13674751.0,14549.774434490242
Ulwe,1082.28,3.0,3.0,24.0,24.0,2.2,1,0,16316882.0,15076.396126695496
Vashi,438.79,2.0,1.0,29.0,23.0,1.9,1,0,6199905.0,14129.549442785843
Airoli,1207.72,4.0,3.0,2.0,1.0,8.9,0,1,15703121.0,13002.286125923227
Panvel,1730.34,3.0,1.0,10.0,12.0,9.6,1,0,22806689.0,13180.466844666367
Vashi,644.7,2.0,1.0,0.0,14.0,2.8,1,0,8518248.0,13212.731503024661
Vashi,1117.3,3.0,2.0,16.0,21.0,10.4,0,0,17528005.0,15687.823324084848
Cbd Belapur,854.45,2.0,4.0,25.0,32.0,3.0,1,0,10996824.0,12870.06144303353
Nerul,530.7,3.0,3.0,7.0,2.0,6.6,0,1,8625264.0,16252.617297908422
Kharghar,846.73,4.0,4.0,1.0,3.0,11.1,0,0,17826866.0,21053.778654352627
Nerul,848.02,4.0,1.0,22.0,29.0,9.5,0,0,18309998.0,21591.469540812715
Belapur,1816.0,2.0,3.0,25.0,3.0,16.7,0,1,28570523.0,15732.666850220265
Kharghar,1111.06,3.0,3.0,27.0,31.0,5.2,0,1,20135330.0,18122.630641009488
Ghansoli,1019.01,2.0,1.0,30.0,33.0,11.1,0,0,17886791.0,17553.10644645293
Kharghar,1832.59,1.0,1.0,13.0,28.0,8.5,1,1,26022645.0,14199.92742511964
Kharghar,125.13,2.0,2.0,29.0,1.0,1.3,1,1,2387440.0,19079.67713577879
Airoli,1049.75,4.0,3.0,25.0,30.0,7.9,0,0,20075630.0,19124.20100023815
Cbd Belapur,536.51,2.0,3.0,28.0,23.0,6.4,0,1,7241877.0,13498.121190658143
Cbd Belapur,861.63,4.0,3.0,15.0,14.0,9.1,0,1,17267180.0,20040.133235843692
Belapur,1359.01,4.0,1.0,18.0,22.0,0.4,1,0,14116021.0,10386.988322381734
Belapur,544.67,2.0,4.0,7.0,19.0,12.2,0,0,8244364.0,15136.438577487286
Ulwe,1350.05,2.0,4.0,2.0,4.0,22.6,0,0,19976846.0,14797.115662382876
Ulwe,700.94,2.0,4.0,9.0,39.0,9.2,1,0,7693488.0,10975.957999258138
Kharghar,714.17,2.0,3.0,18.0,5.0,0.2,0,0,9006164.0,12610.67252894969
Panvel,1396.96,2.0,1.0,34.0,38.0,16.7,1,0,15834661.0,11335.085471309128
Kharghar,721.7,2.0,3.0,7.0,19.0,3.0,1,0,12030113.0,16669.13260357489
Panvel,1167.44,2.0,3.0,16.0,15.0,5.8,0,1,14068552.0,12050.770917563215
Kharghar,773.9,2.0,1.0,10.0,24.0,15.7,0,1,11597211.0,14985.412844036699
Panvel,937.84,1.0,3.0,24.0,4.0,13.6,1,0,12178069.0,12985.23095623987
Airoli,1112.82,2.0,1.0,0.0,34.0,2.2,1,1,17382330.0,15620.073327222732
Panvel,843.34,2.0,3.0,10.0,25.0,5.4,0,0,14881260.0,17645.623354756088
Nerul,1295.24,1.0,3.0,28.0,28.0,0.6,1,1,20549134.0,15865.116889533985
Nerul,1000.73,3.0,1.0,16.0,14.0,5.8,0,1,11566212.0,11557.774824378204
Airoli,636.1,4.0,3.0,5.0,14.0,5.8,0,0,12403740.0,19499.66986322905
Kharghar,379.55,4.0,3.0,17.0,13.0,9.7,0,1,4910119.0,12936.685548676063
Ghansoli,957.53,2.0,1.0,22.0,21.0,1.0,0,1,10130908.0,10580.251271500632
Panvel,1165.37,4.0,3.0,16.0,18.0,12.3,0,1,14133629.0,12128.01856920978
Nerul,1102.15,2.0,3.0,16.0,32.0,6.9,1,0,18988005.0,17228.149525926598
Panvel,1418.66,3.0,3.0,5.0,8.0,5.8,0,0,17260353.0,12166.65938279785
Ghansoli,1219.71,2.0,4.0,24.0,22.0,7.3,0,0,13148185.0,10779.763222405325
Nerul,917.63,4.0,3.0,1.0,9.0,7.3,1,1,11774141.0,12831.033205104453
Kharghar,347.88,4.0,3.0,11.0,2.0,10.5,1,0,5694908.0,16370.323099919513
Ulwe,472.18,2.0,4.0,11.0,12.0,3.0,1,0,7131081.0,15102.4630437545
Panvel,1369.6,1.0,3.0,0.0,37.0,3.8,1,0,19878567.0,14514.140625000002
Panvel,1199.32,4.0,4.0,11.0,38.0,5.0,0,1,14084642.0,11743.856518693927
Ghansoli,656.18,2.0,1.0,17.0,20.0,14.1,1,1,10208674.0,15557.73415831022
Nerul,1010.66,2.0,1.0,7.0,4.0,1.9,0,0,13070197.0,12932.338273999168
Panvel,1592.14,2.0,1.0,12.0,2.0,15.3,1,0,17027840.0,10694.93888728378
Nerul,478.43,3.0,1.0,12.0,5.0,6.7,0,0,9257661.0,19350.084651882196
Ghansoli,1357.06,2.0,3.0,21.0,18.0,9.6,1,1,23669135.0,17441.480111417328
Cbd Belapur,699.77,3.0,3.0,6.0,29.0,11.5,0,0,10122112.0,14464.912757048745
Vashi,633.99,2.0,4.0,8.0,2.0,4.2,0,1,7079739.0,11166.956892064543
Nerul,1587.27,1.0,3.0,6.0,22.0,4.9,0,0,29015013.0,18279.821958456974
Kharghar,610.06,4.0,2.0,5.0,20.0,13.0,0,0,6381565.0,10460.55306035472
Nerul,1522.15,2.0,1.0,6.0,31.0,6.6,1,0,24592384.0,16156.347271950857
Panvel,1494.05,2.0,2.0,8.0,22.0,0.5,1,1,16221078.0,10857.118570328972
Nerul,1167.4,2.0,3.0,12.0,37.0,14.5,0,0,16205759.0,13881.924790131916
Airoli,554.99,2.0,3.0,5.0,10.0,12.4,1,0,9565459.0,17235.371808501055
Airoli,842.24,3.0,2.0,16.0,31.0,12.3,1,1,12954325.0,15380.80000949848
Nerul,1023.54,1.0,2.0,33.0,7.0,4.1,1,0,16369579.0,15993.101393203979
Ulwe,1262.81,2.0,3.0,28.0,16.0,2.5,1,0,15213401.0,12047.260474655728
Ghansoli,705.45,4.0,1.0,18.0,8.0,7.4,0,1,11883407.0,16845.144234176765
Panvel,1162.44,1.0,3.0,29.0,21.0,17.7,0,1,12267836.0,10553.521902205704
Nerul,612.27,2.0,3.0,22.0,20.0,8.6,0,0,10061421.0,16432.980547797542
Ulwe,1156.01,2.0,4.0,10.0,31.0,11.1,0,1,19437223.0,16814.061297047603
Nerul,1529.12,2.0,1.0,27.0,6.0,13.6,0,1,22707709.0,14850.181149942451
Kharghar,737.8,2.0,1.0,1.0,9.0,4.5,1,1,11197294.0,15176.597994036325
Airoli,352.38,2.0,3.0,14.0,21.0,6.7,0,1,4796231.0,13610.962597196209
Vashi,663.88,2.0,4.0,10.0,30.0,12.1,0,0,10891137.0,16405.279568596736
Vashi,1647.83,2.0,4.0,1.0,32.0,13.2,0,0,26226102.0,15915.538617454471
Panvel,1359.35,2.0,3.0,28.0,20.0,6.9,1,1,21715721.0,15975.07705888844
Panvel,816.61,4.0,3.0,23.0,18.0,0.5,0,1,10060544.0,12319.888318781303
Panvel,818.94,1.0,4.0,0.0,7.0,5.6,1,0,13337744.0,16286.594866534788
Panvel,762.21,2.0,4.0,14.0,29.0,11.3,0,1,8107192.0,10636.428280919956
Panvel,1333.78,2.0,3.0,30.0,19.0,15.7,0,0,21738441.0,16298.370795783412
Vashi,641.32,2.0,3.0,15.0,15.0,15.7,0,1,9664318.0,15069.416204079085
Nerul,645.3,2.0,1.0,1.0,35.0,6.2,1,0,8299385.0,12861.28157446149
Panvel,810.68,2.0,2.0,19.0,19.0,5.0,0,0,10507553.0,12961.406473577737
Vashi,1366.08,4.0,1.0,12.0,4.0,0.4,0,0,29685373.0,21730.332776996955
Nerul,1205.46,1.0,1.0,30.0,28.0,14.3,1,0,19075942.0,15824.616329036218
Panvel,1078.64,2.0,3.0,28.0,33.0,18.5,0,1,20918982.0,19393.84966253801
Kharghar,929.55,3.0,3.0,10.0,13.0,8.1,1,0,11329443.0,12188.094239147975
Ulwe,735.68,1.0,1.0,16.0,31.0,2.2,1,1,11501374.0,15633.664093083951
Panvel,830.13,1.0,3.0,27.0,18.0,7.7,0,0,14040839.0,16914.024309445507
Cbd Belapur,597.43,2.0,3.0,22.0,37.0,16.4,0,0,5844590.0,9782.8866980232
Panvel,969.13,2.0,2.0,23.0,37.0,4.6,0,1,12064197.0,12448.481627851785
Kharghar,657.65,2.0,1.0,20.0,26.0,7.1,1,0,5653173.0,8596.020679692847
Nerul,1483.78,2.0,4.0,0.0,24.0,13.9,1,0,28637297.0,19300.231166345417
Kharghar,1572.75,4.0,3.0,27.0,30.0,6.8,0,0,21771663.0,13843.053886504531
Ghansoli,466.31,1.0,4.0,21.0,35.0,5.0,0,0,5885720.0,12621.90388368253
Kharghar,1167.08,2.0,1.0,31.0,6.0,1.8,1,1,22026566.0,18873.227199506462
Kharghar,603.25,2.0,4.0,32.0,31.0,7.8,0,1,10103906.0,16749.118939079985
Ghansoli,136.13,3.0,2.0,15.0,3.0,5.8,1,1,2045320.0,15024.755748181886
Belapur,827.31,1.0,4.0,27.0,12.0,1.1,0,0,12761166.0,15424.89030714001
Cbd Belapur,958.94,3.0,4.0,9.0,1.0,18.2,0,1,11022956.0,11494.938160885979
Nerul,1335.63,4.0,1.0,17.0,9.0,15.1,0,0,25464115.0,19065.24636313949
Kharghar,1415.14,1.0,3.0,23.0,23.0,4.5,0,1,14481297.0,10233.119691337959
Ghansoli,835.2,2.0,3.0,20.0,8.0,14.9,0,1,13073889.0,15653.602729885057
Nerul,951.58,4.0,4.0,6.0,9.0,4.5,0,1,16839597.0,17696.459572500473
Nerul,876.28,2.0,4.0,20.0,14.0,6.8,1,0,11120664.0,12690.765508741499
Panvel,1208.45,1.0,3.0,21.0,1.0,6.1,0,0,17061776.0,14118.727295295626
Nerul,46.23,2.0,3.0,23.0,22.0,4.6,0,1,622890.0,13473.718364698248
Ghansoli,2578.15,2.0,1.0,31.0,38.0,6.1,0,0,34755149.0,13480.654345169985
Ulwe,914.58,2.0,4.0,23.0,24.0,5.3,1,0,10880452.0,11896.66513590938
Kharghar,1118.69,2.0,1.0,3.0,7.0,7.6,1,0,19889967.0,17779.695000402255
Panvel,80.46,2.0,2.0,3.0,18.0,4.2,0,0,1364226.0,16955.331841909025
Ghansoli,416.75,2.0,1.0,3.0,2.0,1.3,0,0,4566619.0,10957.694061187762
Nerul,106.64,2.0,2.0,21.0,32.0,9.9,1,1,1532626.0,14371.961740435108
Nerul,1044.08,2.0,3.0,1.0,31.0,1.1,1,1,14538375.0,13924.579534135317
Kharghar,1411.74,4.0,4.0,5.0,31.0,5.1,1,0,29330108.0,20775.85674415969
Kharghar,956.01,2.0,3.0,15.0,33.0,8.1,1,1,14707249.0,15383.990753234799
Belapur,623.04,1.0,3.0,21.0,28.0,9.9,1,0,8220114.0,13193.557395993837
Airoli,1299.26,2.0,2.0,34.0,12.0,3.2,0,1,15581264.0,11992.414143435493
Cbd Belapur,205.41,1.0,4.0,3.0,5.0,5.1,1,0,1903347.0,9266.087337520083
Ulwe,880.21,1.0,3.0,33.0,31.0,14.0,0,1,11744538.0,13342.881812294792
Ulwe,1130.49,2.0,4.0,28.0,31.0,7.6,1,1,18842641.0,16667.675963520243
Nerul,491.78,2.0,3.0,14.0,30.0,0.2,0,1,6549131.0,13317.196713977795
Kharghar,561.95,2.0,3.0,0.0,23.0,5.6,1,0,7852669.0,13973.96387578966
Ulwe,1221.75,2.0,3.0,22.0,36.0,1.1,1,1,20942925.0,17141.743400859425
Nerul,5139.81,4.0,2.0,31.0,30.0,14.3,0,1,79876522.0,15540.753841095293
Cbd Belapur,1018.6,1.0,4.0,0.0,26.0,10.3,0,0,11442230.0,11233.290791282152
Airoli,747.61,2.0,4.0,11.0,12.0,1.8,0,0,8387799.0,11219.484758095798
Airoli,456.06,2.0,1.0,1.0,25.0,13.7,1,1,6749169.0,14798.861991843178
Vashi,80.95,2.0,2.0,4.0,5.0,7.6,1,0,1891448.0,23365.633106856083
Nerul,1235.9,4.0,4.0,16.0,29.0,6.6,1,0,24062279.0,19469.4384658953
Airoli,496.29,2.0,1.0,20.0,15.0,7.1,1,0,6764967.0,13631.076588285076
Belapur,918.37,4.0,2.0,7.0,37.0,4.5,0,1,18029087.0,19631.61579755436
Nerul,373.44,3.0,1.0,17.0,30.0,5.4,1,0,4760986.0,12748.99850042845
Belapur,1144.47,4.0,1.0,16.0,18.0,3.7,1,0,18804209.0,16430.495338453606
Vashi,1254.36,2.0,3.0,8.0,11.0,6.8,0,1,18235515.0,14537.704486750217
Kharghar,1068.82,3.0,2.0,7.0,10.0,0.4,0,1,18935139.0,17715.928781272807
Panvel,954.75,3.0,3.0,17.0,4.0,10.3,1,0,19542973.0,20469.204503796806
Panvel,985.83,1.0,4.0,13.0,22.0,6.8,0,1,17196086.0,17443.25695099561
Panvel,849.14,4.0,3.0,33.0,3.0,20.1,1,1,16310230.0,19207.939797913183
Kharghar,571.0,2.0,3.0,15.0,37.0,4.2,0,0,6565961.0,11499.056042031523
Panvel,721.9,4.0,4.0,15.0,15.0,14.9,0,0,15755618.0,21825.208477628483
Airoli,610.27,1.0,4.0,26.0,33.0,6.3,0,0,10223297.0,16752.088419879725
Ulwe,1057.61,3.0,1.0,18.0,2.0,4.9,0,0,12936623.0,12231.940885581644
Belapur,1298.77,2.0,4.0,15.0,18.0,16.6,0,1,19289901.0,14852.438076025779
Cbd Belapur,1080.65,1.0,4.0,14.0,1.0,18.4,0,0,17718323.0,16395.98667468653
Nerul,1050.73,2.0,1.0,0.0,1.0,2.5,0,0,11173787.0,10634.308528356476
Airoli,858.25,2.0,1.0,2.0,2.0,8.9,0,0,9153206.0,10664.964753859598
Airoli,1105.84,4.0,1.0,18.0,36.0,5.3,0,0,19490416.0,17624.98733994068
Nerul,791.12,2.0,4.0,30.0,21.0,1.4,0,0,11553071.0,14603.436899585398
Belapur,995.31,2.0,1.0,18.0,14.0,0.6,0,1,12864165.0,12924.78222865238
Kharghar,839.87,2.0,4.0,22.0,34.0,12.5,0,1,9925029.0,11817.339588269613
Panvel,599.02,2.0,4.0,9.0,9.0,16.5,0,0,9179316.0,15323.889018730593
Ghansoli,937.09,2.0,2.0,30.0,2.0,2.2,1,0,15863615.0,16928.592771238622
Panvel,1186.58,2.0,4.0,8.0,15.0,12.1,0,1,12413820.0,10461.848337238114
Cbd Belapur,1142.83,3.0,1.0,19.0,33.0,10.2,1,0,16152783.0,14134.020807994191
Ghansoli,989.84,2.0,3.0,2.0,39.0,2.0,0,0,14372028.0,14519.54659338883
Panvel,1275.55,3.0,4.0,12.0,8.0,2.4,0,1,24318230.0,19064.89749519815
Kharghar,1222.11,2.0,2.0,16.0,21.0,14.9,1,1,13628765.0,11151.831668180443
Kharghar,1218.96,2.0,3.0,31.0,5.0,9.0,0,0,20152203.0,16532.292281945265
Nerul,1125.8,2.0,2.0,11.0,5.0,12.7,0,0,17815698.0,15824.922721620182
Belapur,65.43,2.0,4.0,12.0,5.0,15.2,0,1,1573423.0,24047.42472871771
Kharghar,61.08,2.0,3.0,32.0,6.0,5.5,0,0,656536.0,10748.788474132285
Panvel,680.26,2.0,2.0,2.0,18.0,3.5,1,0,7122690.0,10470.540675624026
Kharghar,563.39,1.0,3.0,19.0,21.0,10.5,0,0,5543974.0,9840.384103374217
Cbd Belapur,1501.39,3.0,4.0,20.0,35.0,4.0,0,0,17043855.0,11352.050433265173
Nerul,1319.4,2.0,1.0,10.0,1.0,1.7,0,1,19509671.0,14786.775049264816
Nerul,1034.1,2.0,4.0,24.0,36.0,18.2,0,1,13976848.0,13515.953969635433
Kharghar,904.18,4.0,3.0,27.0,4.0,8.5,1,1,12214185.0,13508.576832046718
Ulwe,1137.42,2.0,3.0,16.0,22.0,18.7,0,1,17098417.0,15032.632624712067
Cbd Belapur,1536.08,3.0,3.0,27.0,32.0,2.7,0,1,23008440.0,14978.672985781992
Ulwe,1474.47,3.0,4.0,18.0,20.0,6.7,1,1,28810006.0,19539.228332892497
Panvel,1079.67,2.0,2.0,0.0,17.0,19.8,0,0,16361939.0,15154.574082821602
Ghansoli,611.94,2.0,4.0,17.0,6.0,11.3,0,0,7235780.0,11824.3291825996
Panvel,517.58,2.0,2.0,33.0,14.0,14.3,0,1,9528750.0,18410.197457397888
Kharghar,1961.97,2.0,2.0,6.0,19.0,2.0,1,1,33785562.0,17220.22355081882
Nerul,997.61,3.0,3.0,6.0,2.0,1.2,1,0,9957891.0,9981.747376229188
Ulwe,544.23,2.0,3.0,1.0,19.0,12.7,1,0,7284666.0,13385.270933245134
Belapur,1280.42,4.0,4.0,21.0,4.0,5.4,1,1,23029451.0,17985.856984426984
Ulwe,901.39,2.0,3.0,11.0,6.0,16.8,0,0,12812813.0,14214.505375031895
Panvel,417.72,2.0,3.0,4.0,18.0,5.1,0,1,6557472.0,15698.247629991381
Ulwe,990.12,2.0,3.0,22.0,37.0,6.7,1,0,14252839.0,14395.06221468105
Panvel,371.76,1.0,3.0,15.0,11.0,2.9,1,0,6564565.0,17658.07241230902
Cbd Belapur,1751.07,1.0,3.0,32.0,7.0,9.7,0,0,31713299.0,18110.811675147197
Airoli,1304.95,2.0,1.0,28.0,37.0,14.1,0,0,17208452.0,13187.058507988811
Kharghar,812.06,3.0,3.0,17.0,14.0,22.0,1,0,12604376.0,15521.483634214223
Vashi,1227.24,2.0,3.0,0.0,34.0,9.1,1,1,17048658.0,13891.86956096607
Belapur,1238.98,3.0,4.0,12.0,2.0,5.8,0,0,15218424.0,12283.026360393227
Ulwe,789.65,1.0,3.0,33.0,17.0,11.7,1,1,10759396.0,13625.525232698032
Airoli,665.12,2.0,4.0,28.0,2.0,10.5,0,0,10991143.0,16525.052622083233
Vashi,1526.69,2.0,3.0,33.0,15.0,12.7,1,0,23862398.0,15630.152814258297
Cbd Belapur,592.87,4.0,3.0,0.0,4.0,17.2,1,0,11915151.0,20097.409212812254
Nerul,881.4,1.0,4.0,13.0,4.0,2.1,0,0,13389877.0,15191.600862264579
Vashi,524.48,2.0,3.0,14.0,31.0,3.3,0,1,4937345.0,9413.790802318486
Nerul,1075.79,4.0,2.0,11.0,31.0,19.0,0,0,18709764.0,17391.650786863607
Cbd Belapur,966.55,4.0,3.0,0.0,39.0,11.3,0,0,19625520.0,20304.71263773214
Ghansoli,2003.69,1.0,3.0,19.0,37.0,3.2,1,0,26098760.0,13025.348232511016
Airoli,677.65,2.0,1.0,12.0,9.0,2.1,0,1,10618093.0,15668.992842913009
Nerul,658.39,1.0,3.0,1.0,33.0,5.4,0,0,11582975.0,17592.87808138034
Cbd Belapur,1294.79,4.0,4.0,0.0,35.0,0.1,0,0,23490038.0,18141.96742328872
Nerul,949.17,1.0,2.0,14.0,34.0,10.5,1,0,12210058.0,12863.931645542949
Kharghar,3144.35,1.0,2.0,12.0,5.0,7.6,0,1,42535708.0,13527.663269038116
Airoli,1042.5,1.0,1.0,4.0,25.0,7.5,0,1,19149360.0,18368.690647482013
Airoli,1321.79,2.0,3.0,21.0,33.0,2.6,0,0,13557678.0,10257.058988190258
Nerul,1221.14,2.0,1.0,5.0,20.0,17.9,0,0,13997202.0,11462.405620977119
Airoli,380.35,2.0,4.0,30.0,34.0,5.3,1,0,5545276.0,14579.403181280399
Kharghar,47.5,3.0,3.0,0.0,6.0,0.9,0,1,691464.0,14557.136842105263
Kharghar,1644.39,3.0,4.0,9.0,5.0,9.2,0,0,17892895.0,10881.174782138056
Panvel,1358.61,3.0,4.0,8.0,12.0,13.5,0,0,17189818.0,12652.503661830842
Cbd Belapur,842.59,4.0,1.0,4.0,17.0,2.7,0,1,13251676.0,15727.312215905718
Airoli,492.4,1.0,4.0,5.0,26.0,3.8,1,0,4668834.0,9481.791226645004
Kharghar,136.3,1.0,4.0,31.0,28.0,0.5,0,0,1325620.0,9725.752017608216
Cbd Belapur,885.15,3.0,3.0,30.0,10.0,8.9,0,1,16568628.0,18718.440942213183
Vashi,910.87,4.0,1.0,17.0,27.0,1.4,1,1,15589490.0,17114.945052532195
Nerul,1059.05,2.0,4.0,2.0,8.0,10.1,0,1,15722910.0,14846.23955431755
Kharghar,999.07,2.0,3.0,19.0,36.0,17.7,1,0,10653590.0,10663.507061567258
Ulwe,1023.72,2.0,4.0,14.0,37.0,5.5,1,0,13628330.0,13312.556167702105
Ghansoli,737.14,2.0,2.0,20.0,15.0,5.7,0,0,10749764.0,14583.06970182055
Panvel,1939.58,3.0,3.0,33.0,28.0,2.1,1,0,21541180.0,11106.105445508822
Cbd Belapur,909.94,2.0,4.0,11.0,20.0,6.8,0,1,10510181.0,11550.411016110951
Vashi,433.78,2.0,3.0,22.0,27.0,7.1,1,0,5718100.0,13182.02775600535
Ulwe,1018.9,4.0,1.0,26.0,34.0,12.0,0,0,19814938.0,19447.38247129257
Ulwe,1520.79,2.0,4.0,3.0,26.0,4.8,0,1,22249957.0,14630.525582098779
Panvel,1156.78,1.0,3.0,29.0,3.0,6.7,0,0,11982991.0,10358.91958712979
Vashi,1239.89,1.0,4.0,6.0,34.0,6.6,1,0,18525337.0,14941.113324569114
Airoli,788.77,2.0,1.0,10.0,24.0,9.6,1,1,8673851.0,10996.679640452858
Kharghar,1547.98,3.0,3.0,19.0,19.0,2.4,0,1,27558327.0,17802.76683161281
Kharghar,659.07,2.0,3.0,11.0,14.0,12.4,1,1,11677007.0,17717.40027614669
Panvel,1495.03,2.0,1.0,4.0,14.0,17.8,0,1,19016423.0,12719.760138592537
Airoli,1435.24,1.0,3.0,16.0,12.0,8.9,1,0,20254178.0,14112.049552688051
Cbd Belapur,1371.57,3.0,1.0,31.0,24.0,2.2,1,0,23376303.0,17043.46333034406
Nerul,1415.35,2.0,4.0,7.0,14.0,14.4,0,1,19310601.0,13643.693079450313
Cbd Belapur,913.91,2.0,4.0,28.0,20.0,12.7,1,1,10072242.0,11021.043647623947
Nerul,1220.2,2.0,4.0,31.0,2.0,10.8,0,0,17060100.0,13981.396492378299
Airoli,675.76,2.0,1.0,16.0,26.0,9.9,1,0,8929995.0,13214.743400023677
Panvel,214.49,2.0,4.0,13.0,10.0,3.1,1,1,2795448.0,13032.999207422257
Ghansoli,1347.78,1.0,2.0,9.0,16.0,11.9,0,0,14856466.0,11022.916202941133
Cbd Belapur,684.73,1.0,2.0,5.0,26.0,9.2,0,0,9146369.0,13357.628554320681
Cbd Belapur,1411.56,2.0,3.0,16.0,26.0,3.2,1,1,27006386.0,19132.29759981864
Ghansoli,4811.5,2.0,3.0,10.0,11.0,6.0,1,1,74606309.0,15505.831653330562
Nerul,1118.77,2.0,1.0,19.0,35.0,8.8,0,0,16007429.0,14308.060638022114
Ghansoli,6650.29,4.0,1.0,0.0,16.0,6.8,0,0,118705554.0,17849.680840985882
Cbd Belapur,1209.3,2.0,3.0,28.0,34.0,8.8,1,0,13941983.0,11528.969651864716
Vashi,826.61,1.0,4.0,29.0,27.0,22.6,0,1,9944469.0,12030.42426295351
Kharghar,71.01,2.0,4.0,20.0,1.0,1.4,0,0,1489576.0,20976.989156456835
Panvel,21.22,1.0,3.0,6.0,38.0,11.3,1,1,1154864.0,54423.374175306315
Nerul,756.93,1.0,1.0,29.0,11.0,3.7,0,0,7959044.0,10514.900981596713
Cbd Belapur,1332.52,3.0,4.0,17.0,32.0,21.9,0,1,26785304.0,20101.239756251314
Nerul,888.4,1.0,2.0,6.0,29.0,7.0,0,0,13321843.0,14995.320801440792
Cbd Belapur,339.75,2.0,3.0,34.0,29.0,7.9,1,0,6075417.0,17882.02207505519
Airoli,1130.84,2.0,3.0,4.0,5.0,0.1,0,1,11002355.0,9729.364896890807
Vashi,1163.99,3.0,2.0,27.0,9.0,4.4,1,0,17234699.0,14806.569644069106
Kharghar,1152.39,2.0,3.0,0.0,32.0,3.6,1,1,13831493.0,12002.441013892865
Cbd Belapur,904.08,3.0,4.0,10.0,12.0,11.4,0,1,13724075.0,15180.155517210866
Nerul,463.01,2.0,4.0,30.0,22.0,7.9,0,1,4439361.0,9588.04561456556
Belapur,697.9,1.0,3.0,3.0,30.0,13.2,0,0,7186503.0,10297.32483163777
Panvel,882.06,2.0,1.0,2.0,25.0,17.8,0,1,11485246.0,13020.935083781149
Kharghar,821.96,2.0,3.0,2.0,33.0,6.4,1,0,10091693.0,12277.596233393351
Airoli,557.56,2.0,3.0,30.0,6.0,3.0,1,1,9605672.0,17228.050792739796
Nerul,1597.52,2.0,3.0,13.0,20.0,10.5,0,1,24454046.0,15307.505383344183
Nerul,902.93,2.0,3.0,32.0,4.0,5.3,0,0,16626784.0,18414.255811635456
Cbd Belapur,1231.06,2.0,3.0,25.0,11.0,9.4,1,0,17988966.0,14612.582652348383
Kharghar,212.83,4.0,3.0,15.0,1.0,9.5,0,0,4926042.0,23145.43062538176
Airoli,886.54,2.0,4.0,13.0,20.0,9.3,0,1,9794316.0,11047.799309675818
Ghansoli,1394.65,2.0,2.0,30.0,13.0,10.1,0,0,15640736.0,11214.810884451295
Ghansoli,1406.88,3.0,3.0,27.0,30.0,14.9,0,0,25855731.0,18378.0642272262
Kharghar,1060.62,3.0,4.0,29.0,17.0,12.8,0,1,17732782.0,16719.260432577175
Panvel,904.18,4.0,3.0,2.0,20.0,15.4,1,0,13761664.0,15220.049105266651
Cbd Belapur,1466.82,3.0,4.0,30.0,10.0,3.5,0,0,23772722.0,16206.979724846948
Kharghar,1161.58,2.0,3.0,26.0,20.0,4.2,0,0,12931977.0,11133.091995385596
Airoli,829.67,3.0,4.0,8.0,25.0,1.8,0,0,11876738.0,14315.014403316982
Panvel,813.64,4.0,3.0,21.0,28.0,10.6,0,0,12146034.0,14928.019763040165
Belapur,622.72,1.0,3.0,18.0,30.0,8.0,0,0,6787214.0,10899.303057553956
Panvel,689.99,4.0,1.0,17.0,27.0,4.0,0,0,8202277.0,11887.530254061652
Airoli,1128.79,2.0,3.0,18.0,28.0,4.2,0,0,10390487.0,9204.977896685832
Panvel,1009.4,2.0,4.0,3.0,4.0,10.8,0,0,16490476.0,16336.90905488409
Nerul,1065.46,1.0,3.0,31.0,30.0,8.4,0,1,14492397.0,13602.009460702418
Kharghar,891.57,2.0,3.0,10.0,37.0,4.4,0,0,10414047.0,11680.571351660554
Cbd Belapur,1462.13,3.0,2.0,19.0,33.0,5.3,0,1,15531735.0,10622.677190126733
Nerul,318.15,4.0,1.0,21.0,23.0,16.3,0,0,4262086.0,13396.467075278957
Airoli,176.53,2.0,3.0,33.0,32.0,0.8,0,0,3160714.0,17904.6847561321
Panvel,852.37,2.0,3.0,33.0,35.0,7.8,0,1,13616361.0,15974.706993441816
Kharghar,324.01,1.0,1.0,4.0,30.0,10.2,1,0,5984094.0,18468.855899509275
Ulwe,733.55,1.0,1.0,34.0,19.0,14.4,1,0,9741909.0,13280.497580260379
Ghansoli,618.6,3.0,4.0,17.0,10.0,7.4,0,1,11188052.0,18086.084707403814
Airoli,5868.67,4.0,3.0,13.0,24.0,1.0,0,1,77340082.0,13178.468375287757
Cbd Belapur,1055.39,2.0,1.0,2.0,25.0,10.2,1,0,9913088.0,9392.819715934393
Nerul,676.55,1.0,1.0,21.0,18.0,6.4,0,1,6928168.0,10240.43751385707
Kharghar,739.94,2.0,1.0,9.0,30.0,15.5,1,1,12299939.0,16622.886990837094
Nerul,141.85,4.0,3.0,20.0,32.0,17.5,0,1,2976383.0,20982.60838914346
Panvel,515.7,1.0,3.0,33.0,8.0,8.2,0,0,7729992.0,14989.319371727748
Nerul,601.52,3.0,4.0,14.0,3.0,8.4,1,1,9509579.0,15809.24823779758
Ulwe,1273.65,3.0,3.0,10.0,6.0,2.9,0,0,15234580.0,11961.355160365876
Nerul,666.98,2.0,4.0,10.0,7.0,4.8,0,1,12722023.0,19074.069687246993
Ghansoli,935.59,4.0,2.0,28.0,2.0,12.6,0,0,15017296.0,16051.150610844494
Belapur,786.77,1.0,3.0,32.0,25.0,4.2,0,0,10370945.0,13181.673170049697
Cbd Belapur,948.68,1.0,1.0,27.0,7.0,22.2,1,0,16155204.0,17029.139435847705
Nerul,802.62,3.0,4.0,10.0,17.0,8.1,1,1,14687022.0,18298.848770277342
Cbd Belapur,1302.46,1.0,4.0,2.0,18.0,8.0,1,0,13494541.0,10360.810312792715
Airoli,554.88,1.0,3.0,14.0,7.0,11.2,0,0,8673681.0,15631.633866782007
Ulwe,1313.2,2.0,4.0,33.0,1.0,11.0,0,1,15468139.0,11778.966646360037
Panvel,748.09,2.0,1.0,9.0,2.0,13.0,0,1,7410383.0,9905.737277600289
Ulwe,999.39,3.0,3.0,31.0,19.0,7.3,0,1,17161216.0,17171.69073134612
Ulwe,396.66,3.0,3.0,0.0,9.0,13.4,0,1,4854542.0,12238.546866333887
Belapur,1223.89,1.0,3.0,13.0,28.0,9.7,0,0,16395814.0,13396.476807556233
Nerul,1523.37,2.0,2.0,31.0,13.0,11.2,0,0,25712121.0,16878.447783532563
Kharghar,1213.11,1.0,2.0,34.0,19.0,7.6,1,0,18758844.0,15463.432005341643
Cbd Belapur,1785.38,2.0,3.0,30.0,30.0,1.5,1,1,26295893.0,14728.457247196675
Kharghar,267.78,2.0,3.0,20.0,18.0,11.8,1,1,4851331.0,18116.853387108822
Kharghar,1131.92,2.0,2.0,28.0,35.0,12.6,1,0,19861999.0,17547.17559544844
Panvel,133.01,2.0,3.0,24.0,31.0,18.3,0,1,2265296.0,17031.020224043306
Belapur,1706.88,3.0,3.0,16.0,6.0,2.7,1,0,30267304.0,17732.531871016123
Ghansoli,982.08,4.0,3.0,34.0,39.0,2.6,0,0,15978201.0,16269.75500977517
Cbd Belapur,1121.05,2.0,2.0,31.0,7.0,1.4,0,0,14622100.0,13043.218411310825
Kharghar,1239.74,1.0,2.0,1.0,32.0,8.4,0,1,15508275.0,12509.296304063755
Panvel,1565.68,3.0,2.0,13.0,36.0,2.4,0,0,21530473.0,13751.515635378877
Cbd Belapur,542.43,1.0,2.0,25.0,4.0,1.6,0,0,5970442.0,11006.843279317149
Ulwe,1398.6,2.0,3.0,15.0,39.0,4.0,1,0,22083378.0,15789.631059631061
Kharghar,1091.42,2.0,4.0,26.0,1.0,6.5,0,0,21012884.0,19252.793608326767
Airoli,1275.01,3.0,2.0,3.0,16.0,16.1,0,1,24385418.0,19125.668033976206
Belapur,1285.4,2.0,4.0,3.0,6.0,8.5,1,0,15922388.0,12387.107515170374
Vashi,981.79,4.0,4.0,27.0,7.0,17.1,0,0,11945994.0,12167.565365302153
Ulwe,850.25,2.0,4.0,31.0,33.0,1.0,0,0,12918171.0,15193.379594236989
Airoli,456.76,2.0,3.0,32.0,11.0,16.3,0,0,4641283.0,10161.31666520711
Airoli,2896.6,2.0,3.0,26.0,18.0,3.5,1,0,40682113.0,14044.781122695575
Nerul,474.59,3.0,1.0,12.0,19.0,19.9,1,1,6209777.0,13084.508733854485
Panvel,1662.33,4.0,1.0,28.0,39.0,1.8,0,0,28301371.0,17025.121967359068
Ulwe,1532.17,2.0,2.0,33.0,39.0,4.5,0,1,21894864.0,14290.10096790826
Belapur,430.17,2.0,2.0,24.0,25.0,13.0,0,1,4524964.0,10519.013413301718
Ghansoli,1152.35,1.0,1.0,21.0,16.0,8.7,0,0,19132602.0,16603.117108517377
Nerul,950.79,2.0,3.0,2.0,5.0,17.2,0,0,12778040.0,13439.392505179903
Panvel,766.09,4.0,4.0,17.0,23.0,11.3,0,0,9178727.0,11981.264603375583
Vashi,269.33,2.0,3.0,4.0,19.0,13.8,1,0,2642638.0,9811.896186833996
Cbd Belapur,1488.06,2.0,2.0,33.0,32.0,10.2,0,0,28219031.0,18963.637890945258
Ghansoli,916.04,2.0,3.0,19.0,21.0,9.4,0,0,11544409.0,12602.516265665256
Nerul,1042.58,1.0,3.0,3.0,19.0,11.9,0,0,11639011.0,11163.662260929617
Panvel,1085.5,3.0,3.0,23.0,2.0,7.2,0,1,11927883.0,10988.376784891754
Belapur,501.1,2.0,3.0,0.0,17.0,8.3,0,0,8578472.0,17119.28158052285
Panvel,1473.95,2.0,4.0,24.0,35.0,7.6,0,1,20808199.0,14117.30316496489
Kharghar,1553.78,1.0,3.0,8.0,1.0,6.6,0,1,18016033.0,11594.970330420008
Panvel,468.88,4.0,2.0,12.0,1.0,12.0,0,1,9426434.0,20104.150315645795
Panvel,727.03,2.0,3.0,5.0,5.0,5.5,1,1,12200980.0,16781.948475303634
Cbd Belapur,881.25,1.0,4.0,33.0,6.0,1.4,1,1,12277905.0,13932.374468085107
Nerul,1396.92,2.0,1.0,0.0,27.0,9.6,0,0,22220818.0,15907.008275348624
Panvel,995.41,2.0,1.0,33.0,13.0,12.0,1,0,12128579.0,12184.505881998373
Belapur,1151.72,1.0,1.0,21.0,2.0,9.7,0,1,12803351.0,11116.721946306394
Belapur,1416.89,2.0,3.0,0.0,1.0,17.5,0,0,25496496.0,17994.6897783173
Vashi,39.76,3.0,1.0,25.0,8.0,9.8,0,0,1096287.0,27572.610663983905
Panvel,986.53,2.0,1.0,8.0,35.0,5.7,1,0,17507086.0,17746.126321551295
Airoli,966.76,2.0,4.0,10.0,37.0,23.8,0,1,18054406.0,18675.16860441061
Belapur,1152.97,1.0,3.0,26.0,19.0,2.5,1,0,15746253.0,13657.122908661977
Belapur,421.55,1.0,3.0,31.0,20.0,9.5,0,0,4943154.0,11726.139248013284
Kharghar,563.5,2.0,3.0,7.0,1.0,6.9,1,1,11336830.0,20118.598047914817
Airoli,421.91,4.0,1.0,33.0,30.0,19.0,1,0,8769851.0,20786.07048896684
Airoli,962.06,4.0,1.0,16.0,9.0,5.3,0,1,15250808.0,15852.24206390454
Ulwe,717.69,2.0,1.0,16.0,3.0,6.5,1,1,8816724.0,12284.863938469254
Panvel,1025.29,2.0,4.0,2.0,5.0,10.3,1,1,10126197.0,9876.42228052551
Ulwe,202.03,1.0,3.0,15.0,20.0,17.1,0,0,3135872.0,15521.813592040786
Kharghar,963.09,3.0,3.0,13.0,20.0,6.4,0,0,15514905.0,16109.506899666698
Belapur,1147.33,2.0,4.0,18.0,35.0,9.1,1,1,18194227.0,15857.884828253424
Ulwe,1272.66,3.0,3.0,33.0,21.0,6.6,1,1,16234345.0,12756.231043640877
Ulwe,557.19,2.0,4.0,15.0,1.0,3.9,0,0,6297712.0,11302.629264703242
Panvel,913.08,4.0,3.0,6.0,20.0,17.3,1,0,18407848.0,20160.169974153414
Kharghar,209.26,4.0,3.0,2.0,20.0,12.7,1,0,2834997.0,13547.725317786486
Kharghar,1326.28,2.0,1.0,18.0,27.0,11.0,0,0,12753190.0,9615.75986971077
Kharghar,1201.26,2.0,3.0,4.0,34.0,15.6,0,0,15291133.0,12729.245125951085
Airoli,911.35,4.0,1.0,33.0,21.0,5.5,0,1,16967074.0,18617.516870576615
Cbd Belapur,1162.8,3.0,4.0,13.0,26.0,10.2,0,1,18424530.0,15844.969040247679
Cbd Belapur,588.52,2.0,1.0,30.0,11.0,9.9,0,0,9475502.0,16100.560728607354
Kharghar,144.2,2.0,4.0,15.0,26.0,2.2,0,1,3321427.0,23033.47434119279
Kharghar,1099.94,4.0,3.0,23.0,29.0,3.6,0,0,20204476.0,18368.707384039128
Ghansoli,62.66,2.0,1.0,1.0,7.0,16.2,0,1,488127.0,7790.089371209703
Ulwe,1723.34,1.0,2.0,12.0,5.0,9.5,0,0,29679481.0,17222.06935369689
Kharghar,888.03,1.0,2.0,6.0,32.0,12.2,0,1,15995864.0,18012.751821447473
Airoli,977.33,4.0,3.0,22.0,11.0,8.8,1,1,16277750.0,16655.326245996745
Vashi,448.48,3.0,3.0,7.0,5.0,8.0,0,1,5322856.0,11868.658580092757
Panvel,1540.62,1.0,3.0,34.0,39.0,16.3,1,1,25432898.0,16508.222663602966
Cbd Belapur,1009.51,2.0,3.0,22.0,8.0,7.0,0,0,12809243.0,12688.57465503066
Belapur,697.6,1.0,2.0,17.0,23.0,12.7,1,0,8256724.0,11835.900229357798
Panvel,601.78,2.0,1.0,30.0,14.0,3.9,0,0,8361475.0,13894.571105719699
Belapur,938.26,3.0,1.0,12.0,30.0,10.4,0,0,16702700.0,17801.7820220408
Ghansoli,218.13,2.0,4.0,29.0,2.0,11.7,1,0,2542487.0,11655.833677164994
Nerul,1628.58,3.0,1.0,28.0,30.0,9.3,0,1,29678682.0,18223.656191283204
Nerul,390.57,2.0,2.0,27.0,36.0,11.4,0,0,3643883.0,9329.654095296619
Kharghar,1178.8,2.0,3.0,6.0,3.0,3.8,0,0,15921238.0,13506.309806582965
Cbd Belapur,1254.67,2.0,2.0,19.0,26.0,13.0,0,0,14811780.0,11805.319326994348
Airoli,1190.99,4.0,4.0,15.0,18.0,3.7,0,1,16854941.0,14152.04241849218
Airoli,553.48,2.0,3.0,4.0,22.0,13.5,0,0,6728996.0,12157.613644576137
Kharghar,496.24,4.0,2.0,3.0,7.0,15.4,1,0,8122461.0,16368.009430920521
Airoli,896.09,3.0,3.0,0.0,11.0,8.2,1,0,12357201.0,13790.133803524199
Vashi,1122.52,2.0,3.0,11.0,9.0,11.2,1,1,11644936.0,10373.922959056408
Kharghar,1275.28,2.0,2.0,28.0,16.0,6.3,0,1,12146733.0,9524.757700269745
Nerul,1514.81,4.0,2.0,7.0,17.0,4.2,0,0,18707981.0,12350.05116153181
Belapur,342.04,2.0,2.0,32.0,20.0,13.6,1,0,3274937.0,9574.719331072389
Nerul,297.81,2.0,3.0,11.0,11.0,15.2,0,1,5559678.0,18668.54034451496
Ghansoli,841.03,1.0,1.0,20.0,15.0,3.7,1,0,13357427.0,15882.224177496642
Airoli,695.26,2.0,1.0,17.0,18.0,12.4,1,1,11983386.0,17235.834076460604
Ghansoli,340.73,2.0,2.0,29.0,6.0,4.8,0,1,6969216.0,20453.778651718367
Ghansoli,1117.07,2.0,4.0,2.0,7.0,13.1,1,0,18687689.0,16729.201392929717
Airoli,1038.22,2.0,4.0,15.0,28.0,15.3,0,0,12520231.0,12059.323650093429
Airoli,993.36,2.0,4.0,28.0,23.0,8.9,0,1,12544699.0,12628.552589192237
Nerul,72.25,1.0,4.0,12.0,6.0,17.6,0,0,1449768.0,20065.993079584776
Nerul,121.42,3.0,2.0,17.0,16.0,7.1,0,0,1271449.0,10471.495634985999
Panvel,1640.28,2.0,3.0,1.0,15.0,8.7,1,1,22982912.0,14011.57851098593
Vashi,252.89,2.0,1.0,15.0,20.0,10.5,1,0,2388234.0,9443.766064296731
Panvel,711.83,2.0,1.0,33.0,10.0,8.2,0,0,9985903.0,14028.49416293216
Nerul,665.48,1.0,3.0,19.0,39.0,8.7,0,0,6244432.0,9383.350363647292
Kharghar,4446.57,1.0,3.0,18.0,35.0,11.2,0,0,46868808.0,10540.440834171059
Cbd Belapur,619.8,2.0,4.0,17.0,33.0,6.1,0,0,6682768.0,10782.136172959019
Vashi,1364.33,3.0,4.0,9.0,16.0,6.4,0,1,19282952.0,14133.642154024321
Belapur,1239.84,2.0,3.0,4.0,20.0,10.7,1,0,13284533.0,10714.715608465609
Ulwe,850.25,2.0,4.0,31.0,33.0,1.0,0,0,12918171.0,15193.379594236989
Kharghar,1811.27,3.0,4.0,21.0,33.0,3.4,1,1,29645160.0,16367.057368586682
Cbd Belapur,1216.38,2.0,1.0,12.0,30.0,7.2,0,0,16621706.0,13664.89583847153
Nerul,1261.93,1.0,3.0,23.0,17.0,5.7,0,0,21606730.0,17121.971900184635
Kharghar,527.56,2.0,3.0,28.0,34.0,3.3,1,1,8880572.0,16833.292895594815
Belapur,1139.04,3.0,4.0,15.0,26.0,9.5,1,0,19359925.0,16996.70336423655
Ghansoli,648.4,3.0,4.0,24.0,37.0,3.9,1,0,10602075.0,16351.133559531154
Cbd Belapur,506.47,2.0,3.0,13.0,26.0,9.2,0,0,7700050.0,15203.368412739155
Nerul,965.97,4.0,2.0,18.0,4.0,6.6,1,0,18778582.0,19440.129610650434
Nerul,693.54,3.0,3.0,5.0,22.0,10.5,0,0,13863590.0,19989.604060328173
Vashi,807.95,2.0,2.0,17.0,6.0,10.5,0,0,13629802.0,16869.61074323906
Ghansoli,1662.65,2.0,1.0,32.0,23.0,2.7,1,1,22250467.0,13382.532102366704
Ghansoli,947.79,2.0,3.0,20.0,14.0,6.6,0,0,15794303.0,16664.34864263181
Kharghar,3953.43,1.0,2.0,5.0,10.0,8.7,1,1,44311418.0,11208.34768795704
Panvel,1369.01,4.0,3.0,5.0,2.0,9.1,0,0,26791014.0,19569.626226251086
Airoli,833.17,2.0,2.0,22.0,20.0,5.6,0,1,11495720.0,13797.568323391386
Vashi,905.79,2.0,1.0,11.0,33.0,15.3,0,0,16363165.0,18065.075790194194
Kharghar,1068.63,1.0,3.0,1.0,26.0,10.8,0,0,19541055.0,18286.081244209876
Cbd Belapur,1243.95,3.0,3.0,10.0,17.0,12.0,1,1,15159271.0,12186.398971019735
Ghansoli,358.58,1.0,2.0,20.0,25.0,5.1,0,0,5313853.0,14819.156115790061
Airoli,1094.99,2.0,4.0,24.0,10.0,11.4,0,1,11942753.0,10906.72334907168
Nerul,1086.84,4.0,2.0,8.0,20.0,19.5,1,1,16765518.0,15425.930219719556
Panvel,934.34,2.0,3.0,9.0,18.0,15.5,0,0,13755717.0,14722.38906607873
Kharghar,1278.39,2.0,2.0,21.0,12.0,1.8,1,0,15626050.0,12223.22608906515
Kharghar,568.42,4.0,3.0,1.0,12.0,9.3,0,1,7778407.0,13684.259878259034
Ghansoli,693.31,2.0,3.0,16.0,17.0,4.2,1,1,6665207.0,9613.602861634767
Panvel,1066.63,2.0,3.0,9.0,28.0,2.1,0,0,13832706.0,12968.607670888685
Kharghar,714.04,4.0,2.0,0.0,27.0,7.2,1,1,10697786.0,14982.05422665397
Vashi,1276.29,4.0,1.0,23.0,13.0,13.2,1,1,25365557.0,19874.446246542713
Nerul,1099.51,2.0,4.0,2.0,9.0,11.4,0,0,21154915.0,19240.311593346127
Kharghar,570.23,2.0,1.0,23.0,33.0,16.6,0,1,7525730.0,13197.709696087542
Kharghar,505.91,3.0,2.0,0.0,12.0,9.7,1,1,5990964.0,11841.956079144511
Panvel,1204.1,2.0,4.0,18.0,5.0,5.8,1,0,17066737.0,14173.853500539823
Panvel,852.92,4.0,3.0,11.0,16.0,3.3,0,1,10180122.0,11935.61178070628
Ulwe,786.28,2.0,2.0,5.0,18.0,14.0,0,0,11741498.0,14932.972986722289
Vashi,1186.17,1.0,1.0,31.0,33.0,7.1,0,1,21001891.0,17705.63325661583
Panvel,429.56,2.0,1.0,1.0,10.0,5.4,0,0,6879161.0,16014.435701648197
Ulwe,1391.29,2.0,3.0,0.0,35.0,16.7,0,1,13294502.0,9555.521853819118
Ulwe,1280.56,2.0,3.0,8.0,22.0,6.9,1,0,13935494.0,10882.34366214781
Ulwe,1171.2,2.0,3.0,31.0,19.0,21.5,1,0,16910188.0,14438.343579234972
Nerul,1481.57,3.0,2.0,19.0,2.0,10.3,1,0,24519038.0,16549.36182563092
Belapur,106.32,3.0,4.0,16.0,31.0,0.1,0,0,1420028.0,13356.170052671183
Panvel,956.45,2.0,3.0,11.0,2.0,9.4,1,0,9879881.0,10329.741230592294
Cbd Belapur,1267.53,1.0,3.0,16.0,38.0,6.2,0,1,15422742.0,12167.555797495917
Cbd Belapur,790.04,2.0,3.0,4.0,29.0,3.5,0,0,13393597.0,16953.061870285048
Kharghar,1037.51,4.0,2.0,27.0,8.0,15.8,1,1,15755255.0,15185.641584177501
Kharghar,1488.37,2.0,1.0,31.0,29.0,7.0,1,1,26181743.0,17590.88331530466
Ghansoli,1450.91,4.0,1.0,20.0,26.0,9.0,1,0,17711525.0,12207.183767428716
Nerul,199.93,2.0,4.0,16.0,13.0,8.7,1,1,3086381.0,15437.308057820237
Panvel,1336.7,2.0,2.0,8.0,6.0,10.0,0,1,21072964.0,15764.916585621306
Cbd Belapur,1284.59,2.0,3.0,4.0,23.0,1.6,0,0,22589095.0,17584.672930662702
Ulwe,241.9,3.0,3.0,14.0,22.0,1.8,0,1,5016522.0,20737.99917321207
Panvel,1039.52,1.0,1.0,27.0,23.0,7.9,1,0,15138618.0,14563.084885331691
Nerul,1991.66,3.0,3.0,29.0,13.0,13.2,1,1,38035911.0,19097.592460560536
Kharghar,1030.01,3.0,1.0,23.0,3.0,0.9,1,0,13727594.0,13327.631770565335
Belapur,819.33,3.0,3.0,3.0,28.0,8.7,0,0,13016446.0,15886.695226587577
Panvel,1191.49,4.0,2.0,4.0,37.0,16.4,1,0,17879415.0,15005.929550394883
Airoli,376.67,3.0,3.0,10.0,37.0,8.7,0,1,5660168.0,15026.861709188413
Nerul,163.46,2.0,4.0,31.0,34.0,20.3,1,1,2592735.0,15861.586932582893
Panvel,351.02,1.0,2.0,0.0,10.0,16.2,1,1,5618288.0,16005.606518147115
Nerul,1267.46,2.0,3.0,2.0,12.0,6.2,0,0,16152127.0,12743.69763148344
Belapur,1470.38,2.0,4.0,16.0,11.0,4.5,1,1,28881055.0,19641.898692854906
Cbd Belapur,1462.66,4.0,3.0,29.0,16.0,11.3,0,0,25094762.0,17156.93462595545
Kharghar,942.9,2.0,1.0,11.0,7.0,3.2,0,1,14887036.0,15788.562944108602
Belapur,912.07,2.0,1.0,22.0,36.0,4.9,1,0,16943352.0,18576.81099038451
Kharghar,1213.57,2.0,1.0,0.0,33.0,14.5,0,0,13123626.0,10814.06593768798
Belapur,899.39,3.0,4.0,6.0,21.0,2.5,1,0,11489611.0,12774.892983021826
Cbd Belapur,1566.84,1.0,3.0,12.0,24.0,20.0,1,1,23923652.0,15268.726864261827
Vashi,804.36,2.0,4.0,6.0,6.0,13.8,0,0,10624904.0,13209.140185986374
Vashi,750.22,2.0,2.0,1.0,12.0,12.0,0,0,10637399.0,14179.03948175202
Ulwe,1175.52,2.0,4.0,19.0,21.0,4.5,0,0,15114401.0,12857.629814890432
Cbd Belapur,1062.39,2.0,4.0,14.0,35.0,1.6,0,1,17991139.0,16934.589934016698
Vashi,451.7,2.0,2.0,30.0,3.0,11.1,1,0,5230012.0,11578.507859198584
Ghansoli,618.64,1.0,4.0,16.0,11.0,2.0,0,0,6632315.0,10720.798849088324
Belapur,1403.45,2.0,1.0,19.0,20.0,1.6,1,0,23196274.0,16528.03733656347
Belapur,835.21,2.0,3.0,0.0,18.0,9.8,1,0,8977120.0,10748.33874115492
Belapur,1826.18,3.0,1.0,15.0,24.0,2.1,1,0,19388528.0,10616.986277365868
Vashi,1099.06,2.0,3.0,9.0,29.0,9.0,0,1,15256295.0,13881.221225410807
Ghansoli,573.18,4.0,2.0,13.0,21.0,4.7,1,0,11055753.0,19288.448654872816
Kharghar,1539.07,3.0,3.0,27.0,19.0,4.4,1,0,22868072.0,14858.3703145406
Panvel,1436.83,4.0,2.0,17.0,11.0,9.8,1,0,15239115.0,10606.066827669245
Ulwe,1416.61,4.0,4.0,12.0,21.0,13.3,0,1,17684404.0,12483.608050204362
Belapur,862.12,1.0,4.0,12.0,25.0,6.1,1,0,8172481.0,9479.516772607061
Ulwe,1291.34,1.0,2.0,27.0,32.0,5.0,0,0,21104028.0,16342.735453095236
Nerul,647.46,2.0,3.0,0.0,21.0,0.5,0,0,6007873.0,9279.141568591109
Kharghar,950.72,2.0,3.0,29.0,13.0,8.7,1,0,9552924.0,10048.094076068663
Ulwe,426.47,4.0,3.0,3.0,20.0,10.1,1,0,7304328.0,17127.413417121952
Vashi,1371.44,3.0,2.0,9.0,22.0,3.7,0,0,25384893.0,18509.66356530362
Panvel,760.33,1.0,4.0,8.0,21.0,3.4,0,0,14600453.0,19202.784317335892
Panvel,756.84,1.0,1.0,4.0,33.0,7.5,0,1,9573136.0,12648.824057925056
Cbd Belapur,1072.45,1.0,4.0,17.0,20.0,6.6,0,1,16379930.0,15273.374050072263
Cbd Belapur,1041.83,2.0,2.0,13.0,16.0,5.7,0,0,17227770.0,16536.06634479714
Vashi,625.66,4.0,4.0,2.0,16.0,0.5,0,0,12825146.0,20498.587092030815
Kharghar,1185.42,2.0,2.0,10.0,10.0,8.3,0,1,13603711.0,11475.857501982418
Kharghar,1175.71,2.0,3.0,20.0,39.0,5.0,0,0,12102117.0,10293.45416811969
Cbd Belapur,1260.77,4.0,4.0,3.0,11.0,8.2,0,0,16321059.0,12945.310405545817
Belapur,871.56,3.0,3.0,7.0,18.0,6.8,0,0,16909643.0,19401.582220386434
Ghansoli,996.63,2.0,2.0,26.0,20.0,14.4,0,0,9669205.0,9701.900404362703
Ghansoli,856.03,2.0,3.0,4.0,10.0,2.6,0,0,10843746.0,12667.483616228403
Vashi,516.32,2.0,2.0,1.0,20.0,20.7,0,1,8096521.0,15681.207390765416
Belapur,101.97,4.0,2.0,18.0,7.0,3.6,0,0,1106124.0,10847.54339511621
Panvel,756.84,1.0,1.0,4.0,33.0,7.5,0,1,9573136.0,12648.824057925056
Ulwe,478.47,2.0,2.0,1.0,2.0,16.1,0,0,5214244.0,10897.74489518674
Nerul,89.05,2.0,2.0,2.0,4.0,13.3,0,1,722334.0,8111.555306007861
Ghansoli,1055.3,1.0,1.0,13.0,37.0,3.7,0,1,16467235.0,15604.316308158817
Kharghar,1592.24,2.0,3.0,5.0,37.0,14.6,0,0,26202978.0,16456.67612922675
Kharghar,916.73,1.0,3.0,16.0,9.0,16.3,0,1,12731471.0,13887.91792567059
Ghansoli,551.23,1.0,3.0,0.0,7.0,12.1,0,0,5153386.0,9348.885220325454
Vashi,1350.65,1.0,2.0,27.0,25.0,16.4,0,1,23394938.0,17321.243845555844
Kharghar,1221.21,3.0,3.0,24.0,13.0,12.0,0,1,19046526.0,15596.437959073377
Airoli,735.53,3.0,3.0,5.0,36.0,6.4,1,0,14543115.0,19772.293448261797
Cbd Belapur,800.54,1.0,3.0,33.0,26.0,5.0,0,0,14064927.0,17569.299472855822
Ghansoli,431.27,2.0,4.0,22.0,20.0,4.1,1,1,5749570.0,13331.717949312497
Cbd Belapur,1393.27,3.0,1.0,31.0,9.0,1.8,0,0,17469464.0,12538.462753091648
Kharghar,240.41,3.0,1.0,9.0,39.0,3.9,1,0,2273678.0,9457.501767813319
Ulwe,1139.22,3.0,3.0,34.0,33.0,13.6,0,1,20009495.0,17564.20621126736
Ulwe,1295.55,4.0,4.0,27.0,39.0,5.7,1,0,19449701.0,15012.69808189572
Airoli,1254.1,2.0,4.0,23.0,6.0,11.2,0,1,17330323.0,13818.93230204928
Belapur,389.83,2.0,3.0,2.0,25.0,9.2,0,1,6674293.0,17121.034810045407
Cbd Belapur,1596.82,4.0,3.0,28.0,33.0,3.4,1,0,26631475.0,16677.81904034268
Panvel,971.62,1.0,3.0,22.0,3.0,8.8,0,0,14654454.0,15082.495214178383
Nerul,884.67,2.0,3.0,17.0,30.0,11.2,0,1,12994821.0,14688.890772830548
Kharghar,1214.44,2.0,4.0,28.0,14.0,5.6,0,0,13287011.0,10940.854220875464
Nerul,1261.04,2.0,3.0,16.0,34.0,0.8,1,0,16863828.0,13372.952483664278
Kharghar,1689.58,2.0,4.0,30.0,12.0,14.8,0,1,14896763.0,8816.843831011258
Vashi,741.44,3.0,1.0,9.0,17.0,14.9,0,0,11224674.0,15139.018666378937
Kharghar,1614.52,4.0,1.0,16.0,14.0,5.2,0,1,26686927.0,16529.325743874342
Ghansoli,1133.35,3.0,3.0,5.0,16.0,3.7,1,0,17301786.0,15266.057263863768
Panvel,1222.81,2.0,2.0,1.0,38.0,1.1,0,0,15982081.0,13069.962627063895
Nerul,788.3,2.0,2.0,9.0,11.0,9.6,0,1,11008428.0,13964.769757706457
Panvel,1689.24,3.0,3.0,2.0,25.0,11.2,0,0,34329388.0,20322.38639861713
Ulwe,613.64,2.0,1.0,0.0,30.0,8.0,1,1,6479935.0,10559.831497294832
Nerul,919.83,1.0,3.0,5.0,34.0,18.0,1,0,13777029.0,14977.799158540165
Panvel,709.12,3.0,2.0,7.0,26.0,10.8,0,0,12015648.0,16944.449458483756
Vashi,1079.85,1.0,2.0,0.0,39.0,0.8,1,0,13335758.0,12349.639301754874
Nerul,808.69,2.0,4.0,6.0,39.0,6.6,1,0,14108843.0,17446.540701628557
Kharghar,688.61,2.0,1.0,32.0,29.0,5.7,1,0,9479402.0,13765.995265825359
Ulwe,647.47,1.0,3.0,33.0,1.0,9.0,0,1,12120234.0,18719.375415077146
Airoli,1464.65,3.0,4.0,9.0,33.0,4.3,1,0,16961677.0,11580.703239681834
Panvel,1528.79,1.0,3.0,34.0,25.0,9.2,0,1,19486001.0,12746.028558533219
Belapur,580.87,1.0,3.0,16.0,37.0,17.0,0,1,5712448.0,9834.296830616144
Kharghar,1212.88,2.0,1.0,9.0,23.0,7.2,1,0,14430098.0,11897.383088186794
Belapur,749.45,2.0,3.0,30.0,14.0,0.5,0,1,8858805.0,11820.408299419574
Panvel,578.43,4.0,3.0,18.0,17.0,5.0,0,0,7432551.0,12849.525439551891
Nerul,1247.14,2.0,3.0,29.0,6.0,8.7,1,0,17177921.0,13773.851371938996
Ulwe,908.3,2.0,2.0,20.0,3.0,3.3,0,1,9349732.0,10293.660684795774
Kharghar,2083.69,4.0,1.0,0.0,36.0,22.5,1,1,43570052.0,20910.04516026856
Vashi,1641.02,3.0,3.0,24.0,22.0,10.6,0,1,20300811.0,12370.849227919221
Ulwe,725.23,2.0,3.0,20.0,37.0,0.6,0,0,6346760.0,8751.37542572701
Ghansoli,1422.7,4.0,3.0,32.0,2.0,6.3,0,0,18845596.0,13246.359738525338
Kharghar,69.5,2.0,3.0,31.0,23.0,4.0,1,0,1206863.0,17364.93525179856
Panvel,1105.27,2.0,2.0,5.0,1.0,12.3,0,0,18779894.0,16991.227482877486
Cbd Belapur,997.82,1.0,4.0,16.0,14.0,8.0,0,0,12008770.0,12035.006313764005
Ulwe,410.8,3.0,3.0,27.0,3.0,4.4,0,0,8362457.0,20356.516553067184
Kharghar,1170.32,2.0,2.0,0.0,24.0,10.7,0,1,20073861.0,17152.454884134255
Belapur,799.63,2.0,3.0,6.0,32.0,2.1,0,0,13965332.0,17464.742443380062
Belapur,533.18,1.0,3.0,2.0,9.0,5.1,1,1,6154819.0,11543.604411268241
Ulwe,1067.34,2.0,3.0,34.0,22.0,19.0,0,0,11180701.0,10475.294657747298
Panvel,320.8,4.0,3.0,16.0,39.0,1.7,0,1,4984968.0,15539.177057356608
Cbd Belapur,1095.2,1.0,3.0,8.0,1.0,2.3,0,1,11588872.0,10581.512052593132
Cbd Belapur,1073.62,2.0,3.0,21.0,35.0,4.1,0,0,16663663.0,15521.006501369202
Nerul,933.87,4.0,4.0,27.0,33.0,12.5,1,0,10186468.0,10907.800871641663
Kharghar,66.65,2.0,3.0,24.0,28.0,19.1,1,1,819619.0,12297.359339834959
Vashi,6165.5,4.0,3.0,29.0,10.0,4.6,0,0,119274610.0,19345.488605952476
Panvel,927.81,4.0,1.0,6.0,29.0,9.6,0,1,20037781.0,21596.85819294899
Airoli,695.25,2.0,1.0,20.0,4.0,9.2,1,0,13619723.0,19589.6770945703
Panvel,2284.95,4.0,1.0,23.0,38.0,11.3,0,0,43766218.0,19154.125035558765
Nerul,1287.59,2.0,1.0,13.0,24.0,2.7,1,1,17135290.0,13308.032836539582
Panvel,686.89,2.0,3.0,31.0,2.0,3.1,0,0,12864958.0,18729.284164859004
Kharghar,623.58,3.0,4.0,10.0,37.0,9.3,0,1,12527225.0,20089.202668462745
Kharghar,890.42,2.0,3.0,27.0,20.0,11.1,1,0,8596330.0,9654.24181846769
Kharghar,1491.23,3.0,3.0,15.0,27.0,11.3,1,0,19345205.0,12972.650094217524
Ulwe,1333.14,1.0,3.0,7.0,28.0,3.3,1,1,20512063.0,15386.27826034775
Panvel,797.6,2.0,3.0,31.0,14.0,11.3,0,0,14497788.0,18176.765295887664
Airoli,943.63,2.0,2.0,7.0,13.0,13.5,1,1,11221450.0,11891.790214384875
Panvel,1234.99,1.0,4.0,0.0,21.0,14.2,0,0,15134542.0,12254.78910760411
Kharghar,1189.36,3.0,3.0,9.0,39.0,4.1,1,0,24182851.0,20332.65874083541
Cbd Belapur,952.57,2.0,4.0,31.0,9.0,5.4,0,0,9667554.0,10148.91713994772
Kharghar,988.45,2.0,3.0,30.0,13.0,5.2,0,1,10420959.0,10542.727502655673
Nerul,1099.51,2.0,4.0,2.0,9.0,11.4,0,0,21154915.0,19240.311593346127
Cbd Belapur,1103.27,2.0,2.0,9.0,39.0,11.0,1,0,11038931.0,10005.647756215614
Cbd Belapur,1110.91,2.0,2.0,26.0,39.0,15.9,0,0,12974312.0,11678.994698040344
Airoli,415.77,2.0,1.0,10.0,22.0,4.0,0,0,6623404.0,15930.451932558868
Panvel,316.56,1.0,1.0,0.0,25.0,10.5,1,0,5978236.0,18885.001263583523
Vashi,1320.39,1.0,3.0,6.0,11.0,7.5,1,0,24082001.0,18238.551488575344
Belapur,281.3,2.0,1.0,13.0,26.0,8.6,0,1,3117425.0,11082.207607536437
Panvel,803.9,2.0,2.0,12.0,37.0,2.0,0,0,12801070.0,15923.709416594103
Nerul,349.69,3.0,3.0,29.0,27.0,9.0,1,0,3321441.0,9498.244159112357
Kharghar,1098.08,1.0,1.0,13.0,21.0,11.5,0,0,12936838.0,11781.325586478217
Belapur,794.66,2.0,1.0,31.0,30.0,6.2,0,0,8403932.0,10575.506505927064
Kharghar,1053.98,3.0,4.0,22.0,19.0,8.3,0,0,14892173.0,14129.464505967855
Panvel,709.12,3.0,2.0,7.0,26.0,10.8,0,0,12015648.0,16944.449458483756
Airoli,885.97,1.0,3.0,16.0,11.0,6.5,1,0,8762405.0,9890.1825118232
Kharghar,1052.71,1.0,3.0,34.0,16.0,6.6,1,1,14502067.0,13775.93734266797
Panvel,861.55,2.0,4.0,31.0,8.0,3.0,0,0,15006598.0,17418.139399918753
Cbd Belapur,727.77,4.0,1.0,7.0,11.0,0.2,0,0,14008248.0,19248.180056886104
Kharghar,888.25,4.0,4.0,5.0,32.0,2.8,1,0,10809966.0,12169.9589079651
Nerul,1258.19,2.0,2.0,22.0,16.0,21.2,0,1,14068211.0,11181.308864320968
Kharghar,724.54,2.0,3.0,8.0,12.0,5.5,1,0,7005697.0,9669.165263477516
Belapur,573.59,2.0,4.0,3.0,36.0,9.5,1,1,7815008.0,13624.728464582715
Belapur,756.48,4.0,2.0,33.0,37.0,6.0,1,0,9936961.0,13135.78812394247
Nerul,929.97,4.0,3.0,16.0,13.0,6.7,0,1,16289725.0,17516.398378442314
Kharghar,1045.76,2.0,1.0,23.0,35.0,11.0,1,1,18426395.0,17620.099257955935
Ulwe,939.39,2.0,1.0,11.0,5.0,8.4,0,1,10121401.0,10774.439796037854
Panvel,1048.83,3.0,1.0,32.0,15.0,8.5,0,0,16154977.0,15402.855562865288
Vashi,1108.55,2.0,2.0,18.0,35.0,9.0,0,0,17058461.0,15388.084434621804
Vashi,8028.61,2.0,2.0,7.0,12.0,14.5,0,1,111541627.0,13893.018467704871
Airoli,885.97,1.0,3.0,16.0,11.0,6.5,1,0,8762405.0,9890.1825118232
Vashi,865.93,2.0,2.0,23.0,16.0,4.9,0,1,11887878.0,13728.45149146005
Cbd Belapur,812.98,1.0,2.0,18.0,13.0,9.0,0,1,11024796.0,13560.968289502816
Vashi,1152.91,3.0,4.0,34.0,28.0,14.4,0,0,19898913.0,17259.727992644697
Kharghar,1001.45,1.0,3.0,29.0,10.0,5.9,0,0,17826024.0,17800.21369014928
Vashi,904.02,3.0,3.0,23.0,15.0,0.9,0,0,16220863.0,17943.03555231079
Vashi,1332.58,2.0,2.0,14.0,23.0,4.3,1,0,22302081.0,16736.01659937865
Nerul,1295.41,1.0,3.0,17.0,14.0,9.0,0,0,15648511.0,12079.967732223773
Nerul,1249.96,2.0,3.0,9.0,21.0,9.7,1,1,18065779.0,14453.08569874236
Panvel,1578.92,4.0,3.0,6.0,28.0,5.3,0,0,18509137.0,11722.656626048185
Ulwe,761.7,2.0,3.0,12.0,3.0,14.7,1,0,10167163.0,13347.988709465668
Belapur,60.21,3.0,4.0,30.0,2.0,14.8,1,0,1799075.0,29880.003321707358
Cbd Belapur,861.35,2.0,4.0,11.0,31.0,9.7,0,1,13914219.0,16153.966448017647
Panvel,593.07,1.0,1.0,5.0,21.0,10.4,0,1,8509565.0,14348.33156288465
Cbd Belapur,871.23,2.0,2.0,25.0,28.0,6.7,0,0,10038736.0,11522.486599405438
Nerul,1459.48,2.0,3.0,11.0,5.0,14.3,0,0,19616834.0,13440.97486776112
Panvel,1177.91,3.0,1.0,30.0,32.0,10.7,1,1,20997052.0,17825.68447504478
Airoli,1497.45,2.0,2.0,12.0,20.0,2.0,0,0,20374993.0,13606.459648068383
Ghansoli,431.9,1.0,3.0,30.0,16.0,0.9,0,1,4494942.0,10407.367446168095
Panvel,538.76,3.0,3.0,3.0,36.0,7.4,1,1,11802204.0,21906.236543173214
Kharghar,465.18,2.0,3.0,16.0,26.0,21.0,1,1,8693883.0,18689.288017541596
Vashi,1049.31,3.0,3.0,22.0,7.0,1.8,1,1,21147615.0,20153.829659490522
Panvel,1106.71,1.0,2.0,17.0,19.0,4.0,0,0,10767818.0,9729.575046760217
Airoli,985.19,4.0,2.0,19.0,26.0,6.3,1,0,12337287.0,12522.748911377501
Panvel,972.85,3.0,1.0,1.0,14.0,9.7,0,0,17219680.0,17700.241558308062
Kharghar,1243.72,2.0,3.0,17.0,17.0,4.1,0,0,11616604.0,9340.208407036953
Ghansoli,1176.62,2.0,1.0,19.0,37.0,4.1,0,1,14966266.0,12719.710696741515
Nerul,864.4,2.0,4.0,16.0,12.0,7.7,1,1,12889170.0,14911.11753817677
Vashi,328.75,4.0,3.0,16.0,10.0,6.2,1,1,3441707.0,10469.07072243346
Belapur,871.41,2.0,3.0,1.0,3.0,6.8,0,1,8026538.0,9210.977610998267
Airoli,559.5,4.0,1.0,29.0,17.0,4.9,1,1,10432679.0,18646.43252904379
Ulwe,1835.01,2.0,4.0,9.0,26.0,5.8,0,1,29402733.0,16023.20041852633
Ghansoli,624.1,3.0,2.0,21.0,23.0,9.1,0,0,10160408.0,16280.096138439352
Kharghar,791.34,1.0,1.0,26.0,28.0,10.9,1,1,12913439.0,16318.445927161523
Vashi,1128.23,2.0,2.0,7.0,5.0,19.2,1,0,15299360.0,13560.497416306958
Nerul,1085.34,2.0,3.0,13.0,15.0,4.5,1,1,17406592.0,16037.916229015793
Nerul,1432.25,4.0,1.0,18.0,27.0,10.1,0,0,21189281.0,14794.401117123407
Cbd Belapur,674.32,2.0,1.0,25.0,24.0,0.4,0,0,10738258.0,15924.572903072723
Ghansoli,1190.85,2.0,3.0,16.0,23.0,8.4,1,0,16316427.0,13701.496410127222
Panvel,536.02,2.0,3.0,5.0,9.0,6.9,1,1,7495341.0,13983.323383455841
Kharghar,762.6,4.0,2.0,12.0,18.0,3.4,0,0,11456526.0,15022.981904012588
Kharghar,738.32,1.0,4.0,17.0,30.0,2.8,0,0,10872850.0,14726.473615776356
Belapur,819.15,1.0,3.0,5.0,4.0,1.7,0,0,15715798.0,19185.49472013673
Nerul,771.53,2.0,1.0,5.0,26.0,3.3,0,0,6937912.0,8992.40729459645
Kharghar,269.11,4.0,3.0,31.0,38.0,5.2,0,0,4625028.0,17186.384749730594
Panvel,749.9,2.0,3.0,16.0,29.0,4.9,0,1,11101188.0,14803.557807707695
Belapur,479.03,1.0,3.0,34.0,10.0,5.5,0,0,7851956.0,16391.365885226394
Nerul,1742.61,4.0,1.0,15.0,9.0,5.3,1,1,29243559.0,16781.470897102623
Cbd Belapur,1113.63,2.0,3.0,29.0,23.0,12.0,1,0,13768310.0,12363.451056455015
Cbd Belapur,720.62,2.0,2.0,7.0,9.0,10.1,1,0,6993612.0,9704.992922760955
Cbd Belapur,1751.36,1.0,3.0,7.0,18.0,13.8,0,1,26147998.0,14930.110314270054
Ghansoli,1146.58,2.0,3.0,33.0,36.0,6.6,0,0,15107986.0,13176.56508922186
Kharghar,1733.34,3.0,4.0,29.0,35.0,5.3,1,0,18010049.0,10390.372921642609
Nerul,1517.57,2.0,3.0,23.0,19.0,16.8,0,0,22915451.0,15100.094888538915
Nerul,1498.04,4.0,3.0,21.0,12.0,15.2,0,0,27602041.0,18425.436570452057
Belapur,751.61,2.0,1.0,16.0,24.0,7.0,0,1,14030269.0,18666.953606258565
Belapur,1109.62,3.0,1.0,33.0,36.0,0.1,0,0,16939131.0,15265.704475405997
Nerul,972.7,3.0,3.0,7.0,12.0,8.7,0,0,17526707.0,18018.615194818547
Kharghar,922.75,1.0,1.0,19.0,22.0,10.2,0,0,12742713.0,13809.496613383906
Vashi,834.58,3.0,3.0,22.0,11.0,3.3,0,0,12206855.0,14626.344987898105
Nerul,1252.54,1.0,3.0,25.0,31.0,0.5,0,0,15641549.0,12487.863860635189
Ulwe,513.91,4.0,1.0,29.0,27.0,7.1,1,0,6003126.0,11681.27882314024
Ghansoli,1039.64,1.0,4.0,7.0,10.0,8.1,0,1,10786403.0,10375.132738255548
Nerul,1201.04,2.0,3.0,2.0,32.0,2.6,1,0,15303677.0,12742.021081729168
Belapur,1212.62,3.0,3.0,32.0,26.0,2.2,0,1,17028146.0,14042.441985123123
Vashi,957.75,4.0,4.0,30.0,21.0,5.9,1,0,19508623.0,20369.22265726964
Cbd Belapur,1051.2,3.0,1.0,3.0,19.0,4.3,1,0,17889824.0,17018.47792998478
Nerul,1340.52,2.0,4.0,9.0,29.0,0.7,0,0,14726344.0,10985.54590755826
Cbd Belapur,1155.78,4.0,3.0,0.0,30.0,12.3,1,0,19635764.0,16989.18825381993
Vashi,481.51,3.0,3.0,27.0,29.0,21.6,0,0,7556975.0,15694.326182218438
Cbd Belapur,536.25,2.0,2.0,31.0,1.0,3.7,0,1,7336613.0,13681.329603729604
Belapur,812.92,2.0,3.0,6.0,18.0,4.4,0,1,11491385.0,14135.935885449984
Nerul,941.19,2.0,3.0,25.0,1.0,24.1,1,0,14096747.0,14977.578384810717
Nerul,537.94,2.0,1.0,0.0,29.0,1.5,0,1,10669516.0,19834.026099565006
Ghansoli,948.56,3.0,2.0,16.0,16.0,1.0,0,0,16148827.0,17024.570928565405
Panvel,130.82,4.0,4.0,19.0,27.0,2.4,1,1,2440329.0,18654.097232839016
Belapur,671.78,4.0,2.0,8.0,4.0,7.7,1,0,13134728.0,19552.127184494926
Nerul,1478.17,2.0,4.0,11.0,1.0,2.8,1,1,17535900.0,11863.249829180675
Cbd Belapur,738.38,2.0,4.0,5.0,32.0,12.8,0,1,7334706.0,9933.511200195022
Ghansoli,1106.45,4.0,2.0,1.0,38.0,15.0,1,0,16759115.0,15146.74409146369
Kharghar,1077.91,1.0,1.0,4.0,1.0,1.6,1,0,19994914.0,18549.70637622807
Ulwe,725.76,3.0,3.0,0.0,13.0,6.3,0,0,13645559.0,18801.751267636686
Airoli,1267.72,2.0,4.0,7.0,33.0,6.9,1,0,20385956.0,16080.803331966048
Belapur,175.06,2.0,3.0,26.0,19.0,0.5,0,1,2535138.0,14481.537758482806
Ulwe,775.49,2.0,3.0,6.0,36.0,14.3,1,0,11048474.0,14247.087647809773
Nerul,955.2,3.0,3.0,19.0,27.0,16.7,1,0,14886586.0,15584.784338358459
Belapur,1409.71,2.0,4.0,0.0,18.0,3.8,0,0,14129760.0,10023.16788559349
Cbd Belapur,1141.53,1.0,4.0,32.0,9.0,12.1,0,0,12758563.0,11176.721592949812
Ulwe,993.76,3.0,1.0,10.0,18.0,12.4,0,0,17559153.0,17669.410119143457
Vashi,812.92,3.0,3.0,27.0,18.0,5.8,1,1,15589703.0,19177.413521625745
Nerul,686.7,1.0,3.0,26.0,31.0,9.0,1,0,10164198.0,14801.511577107907
Kharghar,957.85,2.0,2.0,26.0,16.0,12.0,0,0,9952788.0,10390.75846948896
Nerul,907.67,1.0,4.0,27.0,32.0,5.3,1,1,15721232.0,17320.427027443897
Ghansoli,1493.15,2.0,3.0,1.0,6.0,5.4,0,0,24482831.0,16396.765897599034
Vashi,703.71,1.0,1.0,0.0,13.0,3.7,0,0,7189212.0,10216.157223856417
Belapur,820.04,3.0,2.0,12.0,5.0,7.6,1,0,11720333.0,14292.391834544656
Vashi,32.42,1.0,1.0,19.0,5.0,9.8,0,1,876660.0,27040.7156076496
Ghansoli,1301.13,2.0,3.0,1.0,17.0,12.7,1,1,17811073.0,13688.92654846172
Panvel,1232.6,2.0,2.0,29.0,14.0,7.9,0,1,14368004.0,11656.663962355997
Nerul,1441.12,2.0,1.0,16.0,38.0,10.9,1,0,17174446.0,11917.42949927834
Kharghar,539.39,3.0,2.0,21.0,6.0,8.8,0,1,7163637.0,13280.997052225663
Vashi,902.31,2.0,1.0,21.0,3.0,13.5,0,0,10600170.0,11747.813944209862
Panvel,1208.02,2.0,3.0,18.0,24.0,7.9,1,1,15879468.0,13145.037333818977
Kharghar,902.06,2.0,1.0,11.0,32.0,8.7,0,0,14331140.0,15887.125024942909
Nerul,1155.75,2.0,2.0,21.0,23.0,2.9,1,1,12574221.0,10879.706683971448
Airoli,1555.2,4.0,3.0,10.0,35.0,16.4,1,1,29630017.0,19052.222865226337
Vashi,1183.07,1.0,3.0,23.0,29.0,5.3,0,0,18963563.0,16029.113239284236
Kharghar,542.45,2.0,3.0,9.0,12.0,6.6,0,1,8551916.0,15765.353488800809
Nerul,950.28,2.0,1.0,24.0,33.0,13.9,1,1,10845967.0,11413.443406153976
Airoli,479.34,2.0,3.0,11.0,33.0,13.6,0,1,4790592.0,9994.141945174615
Panvel,1384.07,1.0,1.0,33.0,6.0,8.0,1,1,17646982.0,12750.064664359463
Belapur,615.94,4.0,3.0,3.0,34.0,20.5,0,0,7564334.0,12280.959184336136
Kharghar,6227.62,2.0,2.0,2.0,36.0,11.7,1,0,57502162.0,9233.408910627173
Kharghar,1306.21,2.0,4.0,5.0,10.0,10.2,1,1,23097186.0,17682.597744619932
Kharghar,1304.92,4.0,1.0,28.0,13.0,3.4,0,1,19342196.0,14822.514790178708
Panvel,471.88,2.0,3.0,0.0,30.0,16.7,0,1,6855526.0,14528.113079596507
Ulwe,1074.24,2.0,1.0,32.0,26.0,1.8,0,0,14449023.0,13450.46079088472
Nerul,1412.94,1.0,3.0,14.0,8.0,15.7,0,0,13687297.0,9687.104194091751
Panvel,501.39,2.0,2.0,17.0,39.0,12.3,1,0,5210644.0,10392.397135962026
Ghansoli,488.6,1.0,2.0,20.0,9.0,9.6,0,0,4765942.0,9754.281620957838
Vashi,1082.77,2.0,3.0,15.0,28.0,25.6,0,0,18186887.0,16796.629939876428
Panvel,1264.32,2.0,3.0,30.0,18.0,10.6,1,1,20240623.0,16009.098171349026
Kharghar,1285.03,2.0,1.0,15.0,24.0,3.1,0,0,17136956.0,13335.841186587084
Airoli,290.41,2.0,3.0,34.0,37.0,11.4,0,0,3551549.0,12229.430804724354
Ghansoli,788.68,2.0,3.0,4.0,32.0,8.5,1,1,9049418.0,11474.131460161283
Panvel,374.64,2.0,1.0,6.0,36.0,4.9,0,0,6009786.0,16041.495836002563
Kharghar,824.79,1.0,3.0,24.0,20.0,1.6,0,0,8861122.0,10743.488645594636
Panvel,881.21,2.0,3.0,6.0,37.0,18.6,0,0,10785257.0,12239.145039207453
Panvel,71.49,2.0,1.0,16.0,31.0,9.4,1,0,1389980.0,19442.99902084208
Airoli,1167.21,4.0,3.0,28.0,12.0,6.6,1,0,14350286.0,12294.519409532131
Panvel,1441.59,2.0,1.0,34.0,16.0,4.2,0,0,18920771.0,13124.932192925868
Vashi,637.49,4.0,3.0,7.0,15.0,2.9,1,0,10356708.0,16246.071310922523
Ulwe,215.72,2.0,1.0,12.0,19.0,10.0,0,0,2372166.0,10996.504728351567
Belapur,1497.45,2.0,2.0,6.0,3.0,2.2,1,0,15314962.0,10227.361180673812
Kharghar,1245.29,2.0,2.0,26.0,10.0,12.2,0,0,13660148.0,10969.451292470027
Panvel,1858.97,2.0,4.0,17.0,11.0,13.3,0,1,23013125.0,12379.503165731561
Ulwe,383.69,2.0,4.0,13.0,37.0,15.8,0,0,5828905.0,15191.704240402409
Vashi,1032.91,1.0,2.0,9.0,32.0,8.4,0,0,15611363.0,15113.962494312185
Nerul,1160.79,2.0,4.0,2.0,25.0,8.0,1,0,16606373.0,14306.09584851696
Vashi,1188.09,3.0,3.0,17.0,9.0,16.4,1,0,14858837.0,12506.491090742285
Panvel,1298.03,3.0,2.0,34.0,19.0,11.0,0,0,26109632.0,20114.813987350062
Kharghar,379.59,2.0,3.0,26.0,11.0,10.4,0,0,4107489.0,10820.85671382281
Belapur,847.08,4.0,4.0,23.0,27.0,2.3,1,0,11916932.0,14068.248571563488
Nerul,1408.41,4.0,3.0,0.0,11.0,3.3,1,0,21200201.0,15052.577729496381
Ulwe,1462.5,1.0,4.0,0.0,25.0,5.3,1,1,17969921.0,12287.12547008547
Kharghar,923.56,3.0,3.0,11.0,30.0,2.3,1,1,10377808.0,11236.74477023691
Ulwe,1163.68,2.0,3.0,20.0,34.0,3.6,0,0,13165801.0,11313.935961776433
Panvel,1010.56,1.0,4.0,11.0,33.0,9.8,1,1,16600369.0,16426.90092621913
Nerul,832.28,3.0,2.0,24.0,30.0,9.8,0,0,16055533.0,19291.023453645408
Nerul,1633.59,2.0,2.0,16.0,18.0,11.1,0,0,16023023.0,9808.472750200479
Kharghar,1248.83,2.0,4.0,3.0,25.0,16.4,0,0,18188400.0,14564.352233690735
Airoli,831.8,3.0,3.0,4.0,37.0,7.4,1,1,15434182.0,18555.15989420534
Kharghar,1188.37,2.0,4.0,14.0,11.0,6.4,0,1,12515195.0,10531.395945707147
Panvel,519.45,4.0,1.0,0.0,24.0,4.0,1,0,8390668.0,16152.98488786216
Ghansoli,1617.96,2.0,3.0,12.0,22.0,10.4,0,0,23274104.0,14384.845113599842
Nerul,1299.13,2.0,3.0,26.0,35.0,2.2,1,0,12745896.0,9811.101275468967
Kharghar,740.29,2.0,2.0,25.0,11.0,11.6,0,0,11929283.0,16114.337624444475
Panvel,389.05,1.0,2.0,30.0,4.0,20.5,0,1,4299837.0,11052.144968513045
Airoli,977.35,2.0,3.0,16.0,15.0,2.5,0,0,11692109.0,11963.07259425999
Panvel,1029.36,2.0,3.0,24.0,39.0,7.9,0,0,15556210.0,15112.506800341962
Nerul,1080.34,1.0,1.0,32.0,21.0,15.3,0,0,13940353.0,12903.671992150621
Kharghar,1792.06,3.0,3.0,11.0,20.0,0.7,0,1,28374745.0,15833.59095119583
Ghansoli,576.05,2.0,1.0,10.0,4.0,6.7,0,0,9218165.0,16002.369585973442
Cbd Belapur,991.69,2.0,1.0,27.0,2.0,0.9,0,1,19350569.0,19512.71970071292
Ghansoli,1168.63,3.0,3.0,24.0,19.0,12.6,0,0,24371117.0,20854.433824221524
Nerul,996.27,2.0,3.0,16.0,19.0,15.1,1,1,13948821.0,14001.044897467555
Nerul,1502.06,2.0,3.0,3.0,6.0,20.2,1,1,26499671.0,17642.21868633743
Ghansoli,1638.86,2.0,4.0,20.0,26.0,3.4,0,1,24329491.0,14845.374833725884
Panvel,618.72,3.0,2.0,26.0,30.0,4.1,0,0,10293266.0,16636.388026894234
Ghansoli,948.56,3.0,2.0,16.0,16.0,1.0,0,0,16148827.0,17024.570928565405
Belapur,670.16,2.0,4.0,14.0,23.0,6.7,0,0,9374768.0,13988.850423779397
Nerul,587.2,3.0,3.0,29.0,9.0,9.1,1,0,6787963.0,11559.88249318801
Panvel,781.17,1.0,2.0,7.0,36.0,8.2,0,1,8288742.0,10610.676293252429
Panvel,1206.76,2.0,1.0,15.0,5.0,1.8,1,1,11736338.0,9725.494713116113
Cbd Belapur,866.39,1.0,3.0,31.0,39.0,11.2,0,1,11461874.0,13229.46248225395
Belapur,898.44,2.0,4.0,5.0,30.0,10.0,0,1,15151238.0,16863.93971773296
Nerul,1447.29,2.0,3.0,8.0,39.0,12.2,0,0,26774092.0,18499.46589833413
Panvel,1123.91,4.0,4.0,19.0,30.0,10.9,1,0,22734889.0,20228.389283839453
Nerul,1283.69,3.0,3.0,8.0,16.0,9.6,1,1,21057553.0,16403.923844541907
Ghansoli,373.41,4.0,3.0,27.0,9.0,6.7,0,0,5265649.0,14101.52111619935
Vashi,572.78,2.0,1.0,20.0,4.0,16.4,1,0,9205142.0,16070.99060721394
Airoli,1539.62,4.0,4.0,30.0,14.0,5.9,0,0,26567934.0,17256.163209103546
Kharghar,890.89,2.0,3.0,33.0,16.0,5.3,0,1,15336455.0,17214.7571529594
Ghansoli,935.67,2.0,2.0,19.0,26.0,17.4,1,0,12623654.0,13491.566471084892
Kharghar,1325.99,2.0,3.0,14.0,13.0,5.7,1,1,16492796.0,12438.099834840383
Belapur,1142.0,1.0,3.0,16.0,19.0,16.5,1,0,15613453.0,13672.025394045535
Vashi,1163.79,2.0,3.0,30.0,18.0,7.2,0,1,12224124.0,10503.719743252648
Ghansoli,1058.39,2.0,3.0,1.0,34.0,9.8,1,0,14173572.0,13391.63446366651
Panvel,1031.81,2.0,1.0,5.0,19.0,5.0,1,0,10638015.0,10310.052238299688
Vashi,906.74,2.0,2.0,25.0,24.0,14.7,0,1,14844229.0,16370.987273088205
Airoli,182.13,2.0,4.0,20.0,8.0,7.9,0,0,2814011.0,15450.562784824027
Kharghar,1222.54,2.0,4.0,27.0,7.0,1.1,0,0,19693348.0,16108.551049454414
Kharghar,252.17,4.0,4.0,15.0,34.0,2.5,0,0,4765899.0,18899.547924019513
Airoli,1416.32,1.0,3.0,5.0,10.0,6.8,1,1,25634365.0,18099.27488138274
Vashi,1405.95,2.0,2.0,20.0,33.0,15.9,1,1,18405870.0,13091.41150112024
Kharghar,1589.46,2.0,3.0,16.0,24.0,11.4,1,0,15818773.0,9952.293860808073
Ghansoli,176.68,3.0,4.0,18.0,20.0,14.4,1,0,3153927.0,17851.06973058637
Nerul,1154.57,2.0,3.0,8.0,12.0,9.9,0,0,18397192.0,15934.236988662447
Panvel,1616.89,2.0,3.0,1.0,9.0,17.1,1,0,23624001.0,14610.765729270388
Airoli,549.35,2.0,3.0,25.0,21.0,6.3,1,1,8244627.0,15007.967598070447
Airoli,668.21,1.0,3.0,8.0,34.0,3.6,1,0,10295079.0,15406.951407491655
Vashi,1355.47,4.0,4.0,20.0,34.0,1.4,1,1,19070710.0,14069.444546909928
Ghansoli,603.14,2.0,2.0,15.0,11.0,11.7,0,0,5885009.0,9757.28520741453
Panvel,1296.08,1.0,3.0,16.0,12.0,9.0,0,1,21785064.0,16808.425405839145
Airoli,323.46,2.0,3.0,31.0,34.0,0.1,0,0,4305282.0,13310.090892227789
Nerul,826.98,3.0,1.0,13.0,1.0,10.7,1,1,13655278.0,16512.22278652446
Belapur,1245.86,2.0,4.0,28.0,32.0,3.5,0,0,12193175.0,9786.95439294945
Vashi,1920.59,2.0,2.0,11.0,4.0,4.6,0,1,34287452.0,17852.56197314367
Vashi,944.12,3.0,3.0,6.0,33.0,9.6,1,1,14188597.0,15028.383044528238
Panvel,1362.37,3.0,3.0,28.0,2.0,6.3,1,0,18267211.0,13408.406673664278
Vashi,71.94,2.0,1.0,32.0,26.0,16.8,0,1,741093.0,10301.542952460384
Panvel,1193.49,3.0,1.0,8.0,21.0,4.7,0,0,15118988.0,12667.879915206662
Nerul,562.32,1.0,3.0,20.0,9.0,11.3,0,0,7803921.0,13878.078318395219
Panvel,1367.0,2.0,1.0,2.0,22.0,6.7,1,0,19265645.0,14093.376005852231
Kharghar,1567.12,3.0,4.0,26.0,7.0,6.0,1,0,21212751.0,13536.136990147532
Ghansoli,823.96,4.0,3.0,11.0,10.0,13.6,1,0,12669980.0,15376.935773581241
Airoli,814.19,2.0,2.0,19.0,32.0,13.8,0,1,8680166.0,10661.10613001879
Ghansoli,118.15,2.0,4.0,30.0,30.0,12.1,1,0,1377617.0,11659.898434193821
Kharghar,1527.51,2.0,4.0,11.0,35.0,7.5,1,0,27057843.0,17713.69287271442
Panvel,1541.63,4.0,3.0,4.0,15.0,11.7,0,0,25078759.0,16267.690042357763
Nerul,1624.64,2.0,1.0,16.0,22.0,6.0,0,1,22972974.0,14140.347400039393
Panvel,845.99,2.0,2.0,16.0,22.0,2.7,1,1,9819163.0,11606.7128453055
Nerul,932.1,3.0,3.0,13.0,2.0,1.8,1,0,12545862.0,13459.781139362729
Cbd Belapur,505.07,2.0,4.0,28.0,1.0,1.0,0,0,6497586.0,12864.723701665116
Nerul,1168.69,3.0,3.0,4.0,37.0,4.6,0,1,16099314.0,13775.521310184908
Vashi,1590.43,2.0,2.0,22.0,26.0,13.4,0,1,18051734.0,11350.222266934099
Ulwe,1019.58,2.0,3.0,9.0,9.0,4.3,0,0,14783670.0,14499.764608956628
Cbd Belapur,1102.77,4.0,1.0,13.0,14.0,10.6,1,1,18729855.0,16984.371174406268
Panvel,5770.31,4.0,2.0,6.0,17.0,15.6,0,0,64367077.0,11154.873308366448
Panvel,821.3,1.0,4.0,31.0,10.0,7.8,0,1,11071022.0,13479.875806647999
Cbd Belapur,689.71,4.0,4.0,28.0,32.0,14.4,0,1,8686511.0,12594.439692044481
Belapur,569.07,2.0,1.0,8.0,36.0,3.9,1,0,9334759.0,16403.533835907707
Nerul,863.15,2.0,4.0,27.0,29.0,11.2,0,0,13071995.0,15144.52296819788
Airoli,426.14,2.0,2.0,9.0,31.0,3.5,0,1,8089450.0,18983.08067771155
Nerul,1139.39,3.0,3.0,13.0,12.0,6.4,0,1,15896538.0,13951.797014191803
Kharghar,667.31,3.0,4.0,30.0,11.0,13.4,0,0,13622946.0,20414.718796361514
Ulwe,508.53,1.0,3.0,3.0,21.0,6.0,0,0,9052660.0,17801.6242896191
Panvel,616.65,2.0,4.0,13.0,29.0,5.8,0,0,7723969.0,12525.693667396417
Nerul,202.07,2.0,3.0,14.0,23.0,1.0,1,1,1987967.0,9838.011580145494
Airoli,1494.64,2.0,4.0,6.0,38.0,8.3,0,1,23901945.0,15991.773938874912
Nerul,383.43,2.0,1.0,27.0,35.0,11.9,1,1,5444153.0,14198.557755000913
Panvel,985.76,2.0,4.0,22.0,1.0,5.3,1,0,11652792.0,11821.124817399774
Cbd Belapur,747.8,1.0,3.0,1.0,24.0,9.3,0,0,9290794.0,12424.16956405456
Ghansoli,1434.85,3.0,3.0,15.0,20.0,0.6,1,0,25209664.0,17569.546642506186
Belapur,1072.1,2.0,4.0,27.0,4.0,11.5,0,1,11258185.0,10501.058669900196
Ghansoli,1536.14,4.0,3.0,10.0,11.0,8.3,1,1,27471264.0,17883.30751103415
Panvel,1290.63,2.0,3.0,7.0,19.0,15.7,1,0,22002462.0,17047.846400595055
Kharghar,346.72,2.0,1.0,0.0,26.0,1.1,1,0,3151897.0,9090.612021227504
Ulwe,751.8,2.0,1.0,6.0,9.0,12.1,1,0,13021475.0,17320.39771215749
Vashi,872.27,2.0,3.0,26.0,24.0,2.7,1,0,11750934.0,13471.670469006156
Cbd Belapur,1012.82,3.0,3.0,16.0,9.0,14.5,0,1,15820501.0,15620.249402657924
Panvel,1264.56,2.0,3.0,18.0,39.0,4.6,0,0,16315249.0,12901.91766306067
Cbd Belapur,1042.84,3.0,3.0,28.0,16.0,11.0,0,0,10827840.0,10383.03095393349
Nerul,306.19,2.0,1.0,16.0,7.0,3.8,1,0,4023705.0,13141.203174499495
Airoli,336.28,2.0,1.0,21.0,29.0,13.5,1,1,4129277.0,12279.282145830855
Ulwe,501.93,2.0,3.0,21.0,26.0,12.9,0,0,6177770.0,12308.031000338693
Cbd Belapur,847.49,1.0,3.0,29.0,39.0,6.6,0,1,14811106.0,17476.43748008826
Panvel,538.25,4.0,3.0,11.0,30.0,0.1,0,0,10033634.0,18641.215048769158
Cbd Belapur,299.47,2.0,2.0,29.0,6.0,6.9,1,1,4691502.0,15666.016629378568
Kharghar,358.49,4.0,2.0,28.0,8.0,18.0,1,0,4672180.0,13032.943736226951
Vashi,706.56,4.0,3.0,16.0,9.0,4.8,0,1,10383574.0,14695.955049818842
Kharghar,206.2,2.0,4.0,24.0,15.0,1.8,0,0,3021560.0,14653.540252182349
Nerul,841.89,2.0,1.0,4.0,23.0,9.3,1,1,11685517.0,13880.099537944387
Panvel,1632.01,4.0,1.0,16.0,35.0,6.2,1,1,28029682.0,17174.945006464422
Nerul,1676.7,1.0,4.0,32.0,13.0,0.4,1,1,31773486.0,18950.012524601894
Nerul,831.49,2.0,4.0,22.0,3.0,1.6,0,0,11090266.0,13337.822463288794
Panvel,1246.43,2.0,3.0,10.0,14.0,2.7,0,1,15339397.0,12306.665436486604
Ghansoli,1418.72,3.0,1.0,15.0,11.0,17.0,0,0,18420918.0,12984.18151573249
Kharghar,1002.79,1.0,1.0,9.0,24.0,2.9,1,1,10342482.0,10313.706758144777
Panvel,789.05,2.0,2.0,31.0,36.0,12.6,0,0,8398839.0,10644.241809771245
Vashi,428.21,4.0,1.0,6.0,16.0,12.0,0,0,4424910.0,10333.504588869948
Belapur,1118.67,2.0,3.0,12.0,17.0,5.4,1,1,21536826.0,19252.1708814932
Vashi,549.11,3.0,2.0,1.0,4.0,3.5,1,0,8401547.0,15300.298665112636
Kharghar,750.15,1.0,3.0,34.0,5.0,7.6,0,0,9911988.0,13213.341331733654
Nerul,1154.53,3.0,3.0,25.0,5.0,16.0,1,1,14143627.0,12250.54957428564
Airoli,1006.37,1.0,2.0,6.0,39.0,8.9,0,0,9733351.0,9671.7420034381
Cbd Belapur,906.05,1.0,3.0,27.0,33.0,6.9,0,1,15007645.0,16563.815462722807
Airoli,1200.64,2.0,1.0,20.0,33.0,4.0,0,0,12782604.0,10646.491871002132
Kharghar,3761.6,2.0,3.0,8.0,38.0,0.9,0,1,42275559.0,11238.717301148448
Vashi,1119.63,2.0,1.0,17.0,8.0,8.2,0,1,14491788.0,12943.372364084562
Belapur,1561.5,2.0,3.0,5.0,32.0,7.5,0,1,18390886.0,11777.704771053473
Cbd Belapur,161.41,2.0,1.0,16.0,28.0,11.7,0,1,3139578.0,19450.950994362185
Ulwe,941.64,2.0,4.0,6.0,1.0,8.7,0,1,12455666.0,13227.630516970392
Kharghar,489.59,2.0,4.0,25.0,38.0,10.3,1,0,7571465.0,15464.90941399947
Nerul,628.27,1.0,4.0,1.0,12.0,13.4,0,0,11542185.0,18371.376955767424
Ghansoli,317.7,2.0,2.0,28.0,24.0,7.6,0,0,4234835.0,13329.666351904312
Ulwe,800.33,2.0,4.0,30.0,18.0,7.1,0,0,12211025.0,15257.487536391238
Ghansoli,1596.15,1.0,4.0,7.0,35.0,6.1,1,0,24146058.0,15127.68724743915
Ulwe,1092.49,1.0,2.0,17.0,6.0,0.5,0,0,18636619.0,17058.846305229337
Ghansoli,1146.8,2.0,3.0,5.0,13.0,1.6,1,0,14531583.0,12671.418730380188
Kharghar,1668.54,2.0,3.0,23.0,32.0,12.2,0,0,15209924.0,9115.708343821545
Nerul,730.64,4.0,1.0,31.0,28.0,7.6,0,0,14908526.0,20404.749260921933
Ulwe,1127.41,4.0,3.0,8.0,7.0,2.2,1,0,15368589.0,13631.765728528218
Panvel,1281.23,4.0,3.0,0.0,11.0,6.4,0,1,16900871.0,13191.129617633056
Cbd Belapur,1459.77,2.0,3.0,2.0,22.0,7.0,1,0,23467717.0,16076.311336717428
Nerul,679.44,2.0,2.0,15.0,13.0,18.8,0,0,6970778.0,10259.593194395384
Nerul,167.98,2.0,3.0,33.0,8.0,5.8,0,0,2882719.0,17161.084652934875
Airoli,6091.48,2.0,1.0,32.0,13.0,6.2,0,1,109603554.0,17992.926842081073
Airoli,495.81,2.0,4.0,9.0,20.0,10.9,0,1,7098612.0,14317.202154050947
Nerul,833.3,1.0,1.0,11.0,33.0,7.6,0,0,10649173.0,12779.51878075123
Nerul,931.61,2.0,3.0,27.0,25.0,1.1,0,0,9750071.0,10465.829048636231
Panvel,1055.01,2.0,3.0,15.0,18.0,2.2,1,1,13327818.0,12632.883100634117
Kharghar,682.08,3.0,3.0,6.0,15.0,2.7,1,0,11206167.0,16429.402709359605
Cbd Belapur,1117.88,2.0,4.0,6.0,22.0,9.7,0,0,17837051.0,15956.141088488925
Ghansoli,841.85,4.0,3.0,22.0,21.0,0.3,0,1,9638746.0,11449.481499079408
Kharghar,690.29,3.0,4.0,22.0,13.0,13.7,0,0,10840190.0,15703.820133567053
Kharghar,607.96,3.0,2.0,16.0,25.0,0.8,0,1,9067584.0,14914.77070859925
Nerul,612.46,2.0,3.0,8.0,20.0,13.3,0,0,8556045.0,13969.965385494563
Airoli,1517.41,2.0,3.0,9.0,4.0,6.9,0,0,25306497.0,16677.428644861968
Panvel,1019.93,4.0,3.0,19.0,15.0,0.7,0,1,18041045.0,17688.512937162355
Airoli,1097.86,2.0,4.0,28.0,6.0,7.4,0,0,13913702.0,12673.475670850565
Nerul,932.59,2.0,2.0,18.0,36.0,5.5,0,0,10368699.0,11118.175189525944
Ulwe,4758.46,1.0,2.0,1.0,35.0,11.7,1,0,81661862.0,17161.40558079715
Kharghar,1082.78,1.0,1.0,16.0,32.0,12.8,0,0,12708383.0,11736.80987827629
Panvel,816.37,1.0,3.0,8.0,25.0,11.4,0,0,14742160.0,18058.18440168061
